省份,流域,断面名称,监测时间,水质类别,水温(℃),pH(无量纲),溶解氧(mg/L),电导率(μS/cm),浊度(NTU),高锰酸盐指数(mg/L),氨氮(mg/L),总磷(mg/L),总氮(mg/L),叶绿素α(mg/L),藻密度(cells/L),抓取时间
北京市,海河流域,鼓楼外大街,2026-07-20 00:00,2,24.67,7.73,7.43,497.08,19.434,3.09,0.048,0.023,3.977,,,2026-07-20 00:25:23
北京市,海河流域,广北滨河路,2026-07-20 00:00,2,28.05,7.85,6.35,428.04,21.84,3.03,0.034,0.034,2.828,,,2026-07-20 00:25:23
北京市,海河流域,沙窝,2026-07-20 00:00,3,28.32,7.44,10.48,826.3,,5.04,0.063,0.071,4.984,,,2026-07-20 00:25:23
北京市,海河流域,新八里桥,2026-07-20 00:00,4,28.21,7.58,4.15,790.983,4.341,3.72,0.024,0.112,7.901,,,2026-07-20 00:25:23
北京市,海河流域,大红门闸上,2026-07-20 00:00,2,25.1,7.7,7.01,833.7,11.252,2.92,0.006,0.07,7.529,,,2026-07-20 00:25:23
北京市,海河流域,南大荒桥,2026-07-20 00:00,3,28.31,8.6,7.94,768.1,24.69,4.33,,0.053,2.466,,,2026-07-20 00:25:23
北京市,海河流域,清河闸,2026-07-20 00:00,2,24.94,7.84,6.79,825.46,4.977,1.97,,0.047,6.622,,,2026-07-20 00:25:23
北京市,海河流域,花园路,2026-07-20 00:00,2,23.48,7.63,6.11,787.193,22.77,2.67,0.048,0.084,8.278,,,2026-07-20 00:25:23
北京市,海河流域,白石桥,2026-07-20 00:00,2,24.15,8.19,11.17,470.54,5.794,3.16,0.032,0.014,3.299,,,2026-07-20 00:25:23
北京市,海河流域,八间房漫水桥,2026-07-20 00:00,2,30,7.81,8.88,682.56,15.57,3.95,0.038,0.071,2.7917,,,2026-07-20 00:25:23
北京市,海河流域,码头,2026-07-20 00:00,2,28.49,7.28,7.44,916.13,25.65,3.22,,0.049,4.586,,,2026-07-20 00:25:23
北京市,海河流域,罗庄,2026-07-20 00:00,4,30.9,7.66,4.04,1114.663,4.611385,3.29,0.031,0.145,4.9351,,,2026-07-20 00:25:23
北京市,海河流域,小屯桥,2026-07-20 00:00,3,31.34,7.87,6.46,1214.929,16.29014,3.94,0.04,0.151,5.0301,,,2026-07-20 00:25:23
北京市,海河流域,东店,2026-07-20 00:00,4,25.0774,7.24,4.98,506.0524,30.54315,3.39,0.055,0.086,7.62283,,,2026-07-20 00:25:23
北京市,海河流域,密云水库,2026-07-20 00:00,2,28.27097,7.91,8.24,397.5911,18.55726,2.03,0.046,0.007,3.592569,,,2026-07-20 00:25:23
北京市,海河流域,大关桥,2026-07-20 00:00,3,29.05,8.39,12.69,428.67,37.24,4.4,0.17,0.062,4.6491,,,2026-07-20 00:25:23
北京市,海河流域,谷家营,2026-07-20 00:00,2,29.06,8.3,21.03,526.592,6.236,3.13,0.144,0.046,3.129,,,2026-07-20 00:25:23
天津市,海河流域,北洋桥,2026-07-20 00:00,3,30.97532,7.88,5.96,1144.516,31.38033,4.61,0.256,0.175,1.901019,,,2026-07-20 00:25:23
天津市,海河流域,井冈山桥,2026-07-20 00:00,5,29.57,7.69,2.9,901.552,45.73475,3.75,0.54,0.115,1.9741,,,2026-07-20 00:25:23
天津市,海河流域,大红桥,2026-07-20 00:00,6,30.12,7.37,1.23,866.079,16.13538,3.38,0.183,0.071,1.8041,,,2026-07-20 00:25:23
天津市,海河流域,曹庄子泵站,2026-07-20 00:00,3,31.56,7.72,5.74,273.85,1.92,1.46,0.067,0.005,0.967,,,2026-07-20 00:25:23
天津市,海河流域,生产圈闸,2026-07-20 00:00,6,28.62224,7.53,1.15,983.7622,37.56636,3.9,0.546,0.107,2.124643,,,2026-07-20 00:25:23
天津市,海河流域,尔王庄泵站,2026-07-20 00:00,1,30.59,7.9,8.19,250.025,5.197152,1.97,,0.012,0.8411,,,2026-07-20 00:25:23
天津市,海河流域,海河大闸,2026-07-20 00:00,5,28.25,7.55,2.84,2886.302,22.0952,4.71,0.415,0.174,2.4949,,,2026-07-20 00:25:23
天津市,海河流域,北排水河防潮闸,2026-07-20 00:00,6,18.87,7.71,0.74,2494.4,58.8469,4.65,0.298,0.101,1.0651,,,2026-07-20 00:25:23
天津市,海河流域,沧浪渠出境,2026-07-20 00:00,4,29.05,7.72,3.39,6034.5,703.769,6.14,0.123,0.162,2.6429,,,2026-07-20 00:25:23
天津市,海河流域,蓟运河防潮闸,2026-07-20 00:00,6,29.94382,7.04,1.95,690.2195,46.12944,5.07,0.853,0.224,2.599489,,,2026-07-20 00:25:23
天津市,海河流域,青静黄防潮闸,2026-07-20 00:00,6,21.54775,8.36,0.8,6719.098,28.73049,8.36,0.161,0.229,1.513773,,,2026-07-20 00:25:23
天津市,海河流域,阎辛庄,2026-07-20 00:00,5,20.08228,7.27,2.31,1172.407,48.17857,2.52,0.112,0.092,3.090927,,,2026-07-20 00:25:23
天津市,海河流域,于桥水库库中心,2026-07-20 00:00,3,29.28,8.75,12.36,420.12,21.33,4.82,0.008,0.034,2.288,0.0497,1.01021,2026-07-20 00:25:23
天津市,海河流域,沙河桥,2026-07-20 00:00,2,23.46,7.6,7.18,433.21,58.463,2.11,0.099,0.094,6.343,,,2026-07-20 00:25:23
河北省,海河流域,下槐镇,2026-07-20 00:00,2,27.08,8.25,7.36,634.502,167.0716,2.6,,0.099,2.6453,,,2026-07-20 00:25:23
河北省,海河流域,地都,2026-07-20 00:00,3,23.08,7.9,5.55,1174.951,73.833,1.87,0.288,0.06,5.049,,,2026-07-20 00:25:23
河北省,海河流域,平山桥,2026-07-20 00:00,2,27.35,7.9,8.22,1220.23,21.135,1.01,,0.021,,,,2026-07-20 00:25:23
河北省,海河流域,兆通,2026-07-20 00:00,1,30.41,8.61,8.14,295.85,1.48,1.72,0.023,0.007,0.8073,,,2026-07-20 00:25:23
河北省,海河流域,大石桥,2026-07-20 00:00,4,29.1665,8.51,10.23,1464.809,10.28199,6.2,0.016,0.165,10.4636,,,2026-07-20 00:25:23
河北省,海河流域,涧河口,2026-07-20 00:00,3,29.65306,7.52,5.99,580.0141,66.30241,5.05,0.029,0.107,3.122339,,,2026-07-20 00:25:23
河北省,海河流域,丰北闸,2026-07-20 00:00,3,27.92834,7.42,7.78,464.452,21.94485,4.86,,0.154,4.901046,,,2026-07-20 00:25:23
河北省,海河流域,滦县大桥,2026-07-20 00:00,3,19.05,7.93,9.49,507.618,98.38856,3.97,0.01,0.112,5.7051,,,2026-07-20 00:25:23
河北省,海河流域,新开河口,2026-07-20 00:00,3,31.29164,6.94,5.43,44866.68,2.556841,2.06,0.149,0.05,1.347234,,,2026-07-20 00:25:23
河北省,海河流域,艾辛庄,2026-07-20 00:00,4,30.23503,7.8,5.02,949.4465,107.834,6.29,0.349,0.258,5.899323,,,2026-07-20 00:25:23
河北省,海河流域,后西吴桥,2026-07-20 00:00,4,30.83,7.65,3.42,682.74,56.78,5.24,0.521,0.235,6.7015,,,2026-07-20 00:25:23
河北省,海河流域,白合,2026-07-20 00:00,2,26.31,8.19,7.41,555.83,88.97,1.32,,0.05,4.541,,,2026-07-20 00:25:23
河北省,海河流域,杜里村,2026-07-20 00:00,2,24.13,8.4,8.78,381.69,25.74,1.67,,0.057,2.942,,,2026-07-20 00:25:23
河北省,海河流域,四道甸,2026-07-20 00:00,5,25.39,8.41,8.09,425.283,299.3737,10.48,0.021,0.233,10.7811,,,2026-07-20 00:25:23
河北省,海河流域,何老营,2026-07-20 00:00,4,28.10005,8.08,6.68,3037.625,16.21422,7.84,,0.219,0.955744,,,2026-07-20 00:25:23
河北省,海河流域,台头,2026-07-20 00:00,3,30.34445,7.74,5.36,813.6561,18.61532,4.18,0.059,0.052,0.4151,,,2026-07-20 00:25:23
河北省,海河流域,三小营,2026-07-20 00:00,6,29.53911,7.05,0.01,479.4545,9.908331,4.45,0.114,0.158,2.347499,,,2026-07-20 00:25:23
河北省,海河流域,南张村,2026-07-20 00:00,2,30.56,7.98,6.62,540.92,3.831,2.02,0.081,0.013,1.6984,,,2026-07-20 00:25:23
河北省,海河流域,烧车淀,2026-07-20 00:00,2,30.4,8.14,10.13,555.92,4.06,2.13,,0.023,3.001,0.00156,2292358,2026-07-20 00:25:23
河北省,海河流域,圈头,2026-07-20 00:00,2,30.56,8.18,8.31,674.43,1.0081,2.99,,0.015,1.052,0.00266,3155729,2026-07-20 00:25:23
河北省,海河流域,采蒲台,2026-07-20 00:00,1,29.87387,7.91,9.31,695.3522,0.250357,,,,,0.002284,800785.6,2026-07-20 00:25:23
河北省,海河流域,光淀张庄,2026-07-20 00:00,2,30.55,7.85,6.98,553.1,6.13,,,0.018,2.456,0.00315,2889747,2026-07-20 00:25:23
山西省,黄河流域,韩武村,2026-07-20 00:00,4,27.76,7.78,5.59,1049.62,34.22,8.51,1.272,0.291,7.047,,,2026-07-20 00:25:23
山西省,黄河流域,上兰,2026-07-20 00:00,1,22.56,8.4,7.54,627.815,2.726927,1.32,0.131,0.003,2.0761,,,2026-07-20 00:25:23
山西省,黄河流域,汾河水库出口,2026-07-20 00:00,1,25.16,8.28,9.04,730.495,80.12424,1.61,0.008,,1.3381,0.0105589,303904,2026-07-20 00:25:23
山西省,海河流域,堡子湾,2026-07-20 00:00,2,20.7,8.16,6.29,770.22,97.88531,2.52,0.008,0.088,6.3461,,,2026-07-20 00:25:23
山西省,海河流域,册田水库出口,2026-07-20 00:00,3,24.71,8.47,7.17,1158.417,14.14543,4.34,0.139,0.075,0.8681,,,2026-07-20 00:25:23
山西省,海河流域,古家坡,2026-07-20 00:00,4,27.37,8.68,6.34,785.512,73.23537,7.83,0.022,0.168,2.0631,,,2026-07-20 00:25:23
山西省,海河流域,利仁皂,2026-07-20 00:00,4,26.85,8.95,11.02,1163.264,104.5238,6.41,0.01,0.112,2.4841,,,2026-07-20 00:25:23
山西省,海河流域,白羊墅,2026-07-20 00:00,3,26.19,7.81,5.73,1805.2,20.921,3.68,0.346,0.199,7.53,,,2026-07-20 00:25:23
山西省,海河流域,王家庄,2026-07-20 00:00,2,26.14,8.22,7.86,622.51,52.68,2.86,0.118,0.058,3.525,,,2026-07-20 00:25:23
山西省,海河流域,司徒桥,2026-07-20 00:00,4,26.63,7.62,4.94,480.2574,26.1885,3.64,0.149,0.045,2.101,,,2026-07-20 00:25:23
山西省,海河流域,关河水库出口,2026-07-20 00:00,5,23.09,7.61,2.8,687.8,8.001,3.33,0.242,0.034,1.0116,,,2026-07-20 00:25:23
山西省,海河流域,北寨,2026-07-20 00:00,4,25.25,7.53,4.3,686.77,45.39,4.47,0.194,0.104,4.1836,,,2026-07-20 00:25:23
山西省,黄河流域,龙头,2026-07-20 00:00,2,25.22,8.2,6.69,555.49,64.12,3.2,0.024,0.037,3.1396,,,2026-07-20 00:25:23
山西省,黄河流域,拴驴泉,2026-07-20 00:00,2,19.43,8.25,7.96,665.2156,64.5494,2.68,0.152,0.036,4.9301,,,2026-07-20 00:25:23
山西省,海河流域,东榆林水库出口,2026-07-20 00:00,3,25.7,8.59,15.56,693.227,18.98685,4.51,0.006,0.106,2.3821,,,2026-07-20 00:25:23
山西省,黄河流域,杀虎口,2026-07-20 00:00,3,22.47,8.2,6.68,566.807,38.39844,4.69,0.014,0.048,1.3191,,,2026-07-20 00:25:23
山西省,黄河流域,安固桥,2026-07-20 00:00,6,26.701,7.58,2.91,1506.451,91.604,6.54,3.8,0.301,12.6129,,,2026-07-20 00:25:23
山西省,黄河流域,王庄桥南,2026-07-20 00:00,4,26.67,7.96,6.05,1180.28,113.04,9.44,0.475,0.186,5.189,,,2026-07-20 00:25:23
山西省,黄河流域,郝村,2026-07-20 00:00,3,24.63,7.5,8.42,1291.607,36.5798,3.41,0.025,0.14,5.5758,,,2026-07-20 00:25:23
山西省,黄河流域,张留庄,2026-07-20 00:00,3,28.43,8.17,6.6,1933.606,77.92,4.84,0.099,0.164,3.93,,,2026-07-20 00:25:23
山西省,黄河流域,上亳城,2026-07-20 00:00,2,26.77,8.4,6.73,803.24,8.678,1.86,,0.063,3.8643,,,2026-07-20 00:25:23
山西省,黄河流域,小韩村,2026-07-20 00:00,6,25.46,7.23,1.75,1210.39,39.273,5.63,1.178,0.332,2.701,,,2026-07-20 00:25:23
山西省,海河流域,梵王寺,2026-07-20 00:00,2,18.49,7.97,7.05,1135.082,45.52288,3.11,0.089,0.024,4.9861,,,2026-07-20 00:25:23
山西省,海河流域,代县桥,2026-07-20 00:00,4,22.57,8.2,4.92,652.414,265.0702,1.67,0.019,0.068,4.7391,,,2026-07-20 00:25:23
山西省,海河流域,定襄桥,2026-07-20 00:00,5,27.63,8.44,5.21,794.738,482.1384,5.39,1.893,0.232,5.7051,,,2026-07-20 00:25:23
山西省,黄河流域,河西村,2026-07-20 00:00,2,23.72,8.31,7.14,588.2,44.92,1.62,0.007,0.099,2.469,,,2026-07-20 00:25:23
山西省,黄河流域,上平望,2026-07-20 00:00,4,27.3,7.67,3.72,937.62,449.14,4.99,1.222,0.061,7.289,,,2026-07-20 00:25:23
山西省,黄河流域,黑城村,2026-07-20 00:00,3,26.76,8.33,7.06,631.5191,664.6771,4.48,0.015,0.113,4.638,,,2026-07-20 00:25:23
山西省,黄河流域,南姚,2026-07-20 00:00,4,26.56,7.58,3.55,741.51,61.93,5.13,1.357,0.25,4.037,,,2026-07-20 00:25:23
内蒙古自治区,松花江流域,根河口内,2026-07-20 00:00,5,21.11,6.53,6.11,77.04,31.65,14.59,,0.057,0.449,,,2026-07-20 00:25:23
内蒙古自治区,松花江流域,陶海,2026-07-20 00:00,5,21.4,6.92,6.53,95.1,48.5,13.41,,0.111,0.701,,,2026-07-20 00:25:23
内蒙古自治区,松花江流域,嵯岗,2026-07-20 00:00,5,22.86,7.43,6.03,183.692,34.077,12.22,,0.116,0.617,,,2026-07-20 00:25:23
内蒙古自治区,松花江流域,成吉思汗,2026-07-20 00:00,3,20.74,6.9,7.99,106.02,43.83,4.85,,0.048,1.345,,,2026-07-20 00:25:23
内蒙古自治区,松花江流域,讷尔克气,2026-07-20 00:00,4,15.36,6.92,8.82,61.502,27.393,7.62,,0.033,0.22,,,2026-07-20 00:25:23
内蒙古自治区,松花江流域,察尔森水库西入口,2026-07-20 00:00,4,22.94,7.34,5.4,151.62,100.08,5.55,,0.061,1.744,0.0272,2663000,2026-07-20 00:25:23
辽宁省,辽河流域,于台,2026-07-20 00:00,6,22.28,7.04,2.12,740.75,8.981,5.64,2.947,0.288,8.354,,,2026-07-20 00:25:23
辽宁省,辽河流域,巨流河大桥,2026-07-20 00:00,4,22.92,7.56,5.17,377.9,408.2,9.11,,0.275,5.759,,,2026-07-20 00:25:23
辽宁省,辽河流域,登化,2026-07-20 00:00,4,27.8703,8.6,21.53,577.253,25.2393,8.55,0.03,0.205,5.158,,,2026-07-20 00:25:23
辽宁省,辽河流域,关门山大桥,2026-07-20 00:00,2,19.89,7.72,7.51,287.17,23.956,2.9,0.076,0.074,6.027,,,2026-07-20 00:25:23
辽宁省,辽河流域,蒲石河大桥,2026-07-20 00:00,2,20.51,7.37,9.28,148.28,15.898,1.42,0.084,0.05,3.981,,,2026-07-20 00:25:23
辽宁省,辽河流域,王家沟,2026-07-20 00:00,2,25.15,8.06,7.93,673.56,43.55,3.28,0.008,0.076,5.157,,,2026-07-20 00:25:23
辽宁省,辽河流域,张家堡,2026-07-20 00:00,2,25.76,7.98,6.65,596.73,53.13,3.31,0.014,0.099,4.588,,,2026-07-20 00:25:23
辽宁省,辽河流域,女儿河入河口,2026-07-20 00:00,3,26.28,7.87,7.48,789.57,26,3.06,,0.112,7.383,,,2026-07-20 00:25:23
辽宁省,辽河流域,何家信子,2026-07-20 00:00,2,22.15,7.98,7.95,475.2,10.84,2.95,0.066,0.064,1.911,,,2026-07-20 00:25:23
辽宁省,辽河流域,下口子,2026-07-20 00:00,3,21.23,7.56,7.3,354.8,54.45,3.49,0.074,0.106,4.614,,,2026-07-20 00:25:23
辽宁省,辽河流域,下王家,2026-07-20 00:00,3,19.9497,7.48,8.59,310.644,155.751,4.27,0.097,0.089,6.561,,,2026-07-20 00:25:23
辽宁省,辽河流域,下达河入汤河水库口,2026-07-20 00:00,2,20.9844,7.98,7.72,420.15,13.311,2.45,0.015,0.047,8.705,,,2026-07-20 00:25:23
辽宁省,辽河流域,胜利塘,2026-07-20 00:00,5,27.06,7.45,2.68,532.22,60.04,6.33,,0.102,1.869,,,2026-07-20 00:25:23
辽宁省,辽河流域,鲜峰桥,2026-07-20 00:00,4,27.12,8.04,11.13,510.09,20.844,9.62,,0.27,8.814,,,2026-07-20 00:25:23
辽宁省,辽河流域,亮子河入河口,2026-07-20 00:00,4,24.55,7.43,4.75,485.63,106.1,5.81,,0.281,4.897,,,2026-07-20 00:25:23
辽宁省,辽河流域,大凌河西支入河口,2026-07-20 00:00,3,21.01,7.96,6.15,766.17,178.027,4.45,0.531,,,,,2026-07-20 00:25:23
辽宁省,辽河流域,李家湾大桥,2026-07-20 00:00,4,20.9,8.03,7.73,565.2,432.4,4.88,,0.25,5.18,,,2026-07-20 00:25:23
辽宁省,辽河流域,红石碑入海前,2026-07-20 00:00,4,25.62,7.6,6.9,851.318,33.678,3.33,0.088,0.211,8.756,,,2026-07-20 00:25:23
吉林省,松花江流域,镇江口,2026-07-20 00:00,3,23.34,7.02,5.9,267.8,90.96,4.86,,0.136,3.903,,,2026-07-20 00:25:23
吉林省,松花江流域,白旗,2026-07-20 00:00,3,18.048,7.26,9.09,173.321,139.988,4.74,0.083,0.164,5.7723,,,2026-07-20 00:25:23
吉林省,松花江流域,哨口,2026-07-20 00:00,3,18.5098,7.18,9.37,168.491,198.002,4.49,0.08,0.151,5.5178,,,2026-07-20 00:25:23
吉林省,辽河流域,六家子,2026-07-20 00:00,6,21.41,7.55,6.49,631.8,380.9,7.47,0.02,0.439,10.7256,,,2026-07-20 00:25:23
吉林省,辽河流域,林家,2026-07-20 00:00,4,22.27,7.58,6.8,860.8374,115.5729,5.65,0.033,0.237,7.495,,,2026-07-20 00:25:23
吉林省,辽河流域,河清,2026-07-20 00:00,4,19,7.21,6.52,376.3,3028.61,6.38,,0.182,8.053,,,2026-07-20 00:25:23
吉林省,辽河流域,老虎哨,2026-07-20 00:00,2,19.052,7.26,7.89,105.592,37.6752,2.48,0.016,0.034,2.463,,,2026-07-20 00:25:23
吉林省,辽河流域,鸠谷,2026-07-20 00:00,2,15.4,7.5,9.38,96.4,21.8,3.98,0.051,0.056,1.512,,,2026-07-20 00:25:23
吉林省,松花江流域,月亮湖下,2026-07-20 00:00,5,25.14,6.69,2.99,175.95,212.9,7.58,,0.212,2.535,,,2026-07-20 00:25:23
黑龙江省,松花江流域,摆渡镇,2026-07-20 00:00,3,26.205,7.32,5.72,224.048,85.81,5.61,0.086,0.141,3.184,,,2026-07-20 00:25:23
黑龙江省,松花江流域,磨盘山水库出口,2026-07-20 00:00,3,26.1,9,11.76,62.268,14.797,5.87,0.024,0.045,2.127,0.00562,27008,2026-07-20 00:25:23
黑龙江省,松花江流域,查哈阳乡,2026-07-20 00:00,4,22.6,7.25,7.82,95.2,168.3,9.51,0.015,0.092,1.155,,,2026-07-20 00:25:23
黑龙江省,松花江流域,音河水库,2026-07-20 00:00,5,23.61,7.21,4.96,183.34,508.18,11.99,,0.221,1.006,,,2026-07-20 00:25:23
黑龙江省,松花江流域,江桥,2026-07-20 00:00,4,25.36,7.31,5.04,155.791,235.023,7.95,,0.132,4.332,,,2026-07-20 00:25:23
黑龙江省,松花江流域,富源村,2026-07-20 00:00,5,25.11,7.35,6,95.41,246.88,12.9,,0.233,0.811,,,2026-07-20 00:25:23
黑龙江省,松花江流域,泄洪1闸,2026-07-20 00:00,3,26.43,8.75,8.39,268.034,63.064,3.94,0.017,0.049,1.945,0.003,17536,2026-07-20 00:25:23
黑龙江省,松花江流域,挠力河口内,2026-07-20 00:00,4,27.422,7.43,5.8,233.268,48.891,7.86,0.093,0.178,0.984,,,2026-07-20 00:25:23
黑龙江省,松花江流域,嫩江口内,2026-07-20 00:00,4,25.76,6.97,3.87,135.414,388.364,9.47,,0.232,4.309,,,2026-07-20 00:25:23
黑龙江省,松花江流域,嘉荫,2026-07-20 00:00,5,22.75,7.33,7.85,95.991,38.712,11.16,0.024,0.054,0.63,,,2026-07-20 00:25:23
黑龙江省,松花江流域,双河渠首,2026-07-20 00:00,3,23.41,7.13,8.08,120.6,18.2,5.14,0.011,0.068,2.834,,,2026-07-20 00:25:23
黑龙江省,松花江流域,电视塔,2026-07-20 00:00,4,20.56,6.64,4.8,88.9,629.899,10,,,0.002,0.00195,16512,2026-07-20 00:25:23
黑龙江省,松花江流域,黑河下,2026-07-20 00:00,5,20.93,7.54,7.65,109.4221,83.1211,12.48,,0.068,0.476,,,2026-07-20 00:25:23
黑龙江省,松花江流域,呼玛河口内,2026-07-20 00:00,4,16.87,7.1,8.54,58.083,14.79,9.42,0.024,0.034,0.353,,,2026-07-20 00:25:23
黑龙江省,松花江流域,加格达奇上,2026-07-20 00:00,4,13.84,6.85,9.05,57.659,22.4004,7.06,,0.026,0.263,,,2026-07-20 00:25:23
上海市,长江流域,富锦路桥,2026-07-20 00:00,6,31.6,7.34,1.48,489.4,49.1,4.56,0.469,0.226,2.846,,,2026-07-20 00:25:23
上海市,太湖流域,临江,2026-07-20 00:00,5,31.03,7.51,2.36,562.77,132.64,3.67,0.067,0.165,2.331,,,2026-07-20 00:25:23
上海市,太湖流域,闵行西界,2026-07-20 00:00,5,31.96,7.35,2.76,518.28,39.6,3.43,,0.11,1.886,,,2026-07-20 00:25:23
上海市,太湖流域,吴淞口,2026-07-20 00:00,5,30.006,7.44,2.39,508.293,69.623,3.78,0.34,0.168,2.948,,,2026-07-20 00:25:23
上海市,太湖流域,蕴川路桥,2026-07-20 00:00,6,30.73,7.25,1.59,529.87,111.46,3.51,0.086,0.157,3.108,,,2026-07-20 00:25:23
上海市,太湖流域,三甲港,2026-07-20 00:00,4,30.81,7.46,3.09,381,144.48,5.04,0.405,0.278,1.946,,,2026-07-20 00:25:23
上海市,太湖流域,急水港桥,2026-07-20 00:00,5,31.77,7.35,2.46,565.5,15.1,3.5,0.054,0.095,2.302,0.0071,3047906,2026-07-20 00:25:23
江苏省,长江流域,节制闸,2026-07-20 00:00,6,29.54,7.29,1.38,436.51,15.07,5.68,0.561,0.117,2.392,,,2026-07-20 00:25:23
江苏省,长江流域,钱家渡,2026-07-20 00:00,2,30.66,7.94,7.61,222.51,26.6,3.65,,0.057,1.331,,,2026-07-20 00:25:23
江苏省,太湖流域,锡东水厂,2026-07-20 00:00,3,32.59,8.35,6.33,443.42,28.41,2.18,0.022,0.031,0.532,0.00345,2861580,2026-07-20 00:25:23
江苏省,太湖流域,兰山嘴,2026-07-20 00:00,4,30.6,8.44,6.17,433.38,316.94,3.48,0.038,0.072,0.814,0.0101,1.405405,2026-07-20 00:25:23
江苏省,太湖流域,百渎港桥,2026-07-20 00:00,5,31.82,7.34,2.07,440.4,40.77,4.13,0.108,0.151,2.451,,,2026-07-20 00:25:23
江苏省,太湖流域,大浦港桥,2026-07-20 00:00,4,32.31,7.53,3.9,419.7,63.6,5.16,0.016,0.122,1.699,,,2026-07-20 00:25:23
江苏省,太湖流域,拖山,2026-07-20 00:00,3,32.66,8.71,7.2,440.43,17.29,2.92,0.02,0.039,0.597,0.01416,1.178868,2026-07-20 00:25:23
江苏省,太湖流域,五里湖心,2026-07-20 00:00,4,32.81,8.7,9.13,479.78,13.30875,3.86,,0.052,0.442,0.01059,2.02728,2026-07-20 00:25:23
江苏省,太湖流域,大港桥,2026-07-20 00:00,2,29.1,7.05,7.1,151.39,2.51,2.38,0.041,0.029,2.361,,,2026-07-20 00:25:23
江苏省,长江流域,小湾,2026-07-20 00:00,3,29.03,7.79,5.49,280.16,31.69,1.97,,0.068,1.544,,,2026-07-20 00:25:23
江苏省,淮河流域,沙庄桥,2026-07-20 00:00,4,30.46,8.07,6.54,1417.3,15.4,6.7,0.38,0.101,1.45,,,2026-07-20 00:25:23
江苏省,长江流域,魏村,2026-07-20 00:00,3,29.16,7.7,5.63,281.91,37.62,1.79,,0.07,1.665,,,2026-07-20 00:25:23
江苏省,太湖流域,姚巷桥,2026-07-20 00:00,3,33.51,7.95,7.95,404.09,9.65,4.87,0.101,0.074,3.871,,,2026-07-20 00:25:23
江苏省,太湖流域,胥湖心,2026-07-20 00:00,2,32.67,,8.75,350.81,7.99,1.83,,0.012,0.199,0.0009,480983.3,2026-07-20 00:25:23
江苏省,太湖流域,千灯浦口,2026-07-20 00:00,5,30.82,6.87,2.88,623.904,58.815,5.1,0.186,0.165,1.9475,,,2026-07-20 00:25:23
江苏省,太湖流域,朱厍港口,2026-07-20 00:00,5,29.3,7.19,2.58,596.3,36.1,3.62,0.117,0.092,0.809,,,2026-07-20 00:25:23
江苏省,太湖流域,浏河闸,2026-07-20 00:00,5,30.75,7.56,2.33,442.058,133.333,3.24,0.056,0.128,1.9762,,,2026-07-20 00:25:23
江苏省,太湖流域,航管站,2026-07-20 00:00,2,33.21,8.36,6.22,443.83,18.71,2.45,,0.017,0.777,,,2026-07-20 00:25:23
江苏省,太湖流域,赵屯,2026-07-20 00:00,4,30.85,7.37,3.39,646.5,41.418,4.03,0.187,0.177,2.5459,,,2026-07-20 00:25:23
江苏省,淮河流域,东安闸桥西,2026-07-20 00:00,6,29.76,7.28,1.66,864.1,155.6,4.56,0.081,0.268,2.28,,,2026-07-20 00:25:23
江苏省,长江流域,碾砣港闸,2026-07-20 00:00,4,29.09,7.65,4.34,316.6,48.32,2.11,0.052,0.076,1.899,,,2026-07-20 00:25:23
江苏省,长江流域,塘芦港闸,2026-07-20 00:00,6,32.443,7.45,0.57,1146.09,9.841,5.28,0.225,0.272,1.844,,,2026-07-20 00:25:23
江苏省,淮河流域,小洋口,2026-07-20 00:00,6,28.11,6.98,0.81,910.2,10.21,6.55,1.105,0.392,2.914,,,2026-07-20 00:25:23
江苏省,淮河流域,总渠苏嘴,2026-07-20 00:00,4,26.98,7.38,4.34,599.48,34.17,3.8,0.3,0.131,2.01,,,2026-07-20 00:25:23
江苏省,淮河流域,唐曹,2026-07-20 00:00,5,28.23,7.28,2.43,559.3,87.73,5.75,1.017,0.23,1.81,,,2026-07-20 00:25:23
江苏省,淮河流域,大运河船闸,2026-07-20 00:00,4,29.64,8.07,5.77,544.7,53.9,6.37,0.08,0.091,1.486,,,2026-07-20 00:25:23
江苏省,长江流域,冻青桥,2026-07-20 00:00,6,29.83,7.37,0.89,525.1,32.11,5.38,1.248,0.23,2.745,,,2026-07-20 00:25:23
江苏省,太湖流域,林家闸,2026-07-20 00:00,2,29.2,7.67,6.35,271.3,24.88,1.84,,0.054,1.5821,,,2026-07-20 00:25:23
江苏省,太湖流域,新港桥,2026-07-20 00:00,2,29.53,8.01,8.68,277.8,5.7,1.69,0.004,0.032,1.166,,,2026-07-20 00:25:23
江苏省,太湖流域,吕城,2026-07-20 00:00,4,29.4,7.44,4.04,304.49,26.16,2.69,0.015,0.106,1.878,,,2026-07-20 00:25:23
江苏省,淮河流域,海陵大桥,2026-07-20 00:00,5,30.11,7.45,2.43,452.9,46.85,,,0.138,2.149,,,2026-07-20 00:25:23
江苏省,长江流域,祥和大桥,2026-07-20 00:00,6,29.38,7.34,0.99,425.3,8.17,3.63,1.027,0.176,2.574,,,2026-07-20 00:25:23
江苏省,长江流域,新十圩港大桥,2026-07-20 00:00,3,28.89,7.75,5.35,303.9,76.57,2.24,0.032,0.072,1.741,,,2026-07-20 00:25:23
江苏省,淮河流域,砖瓦厂,2026-07-20 00:00,5,29.45,7.53,2.23,623.4,35.75,6.56,0.196,0.222,2.685,,,2026-07-20 00:25:23
江苏省,淮河流域,团结闸,2026-07-20 00:00,4,29.68,8.52,5.84,1229.1,15.76,6.71,0.22,0.079,1.809,,,2026-07-20 00:25:23
浙江省,浙闽片河流,小金山,2026-07-20 00:00,3,30.2,,11.81,129.41,3.579,2.57,0.003,0.026,0.8498,,,2026-07-20 00:25:23
浙江省,浙闽片河流,清林渡,2026-07-20 00:00,4,31.639,7.4,3.87,346.364,32.14,4.97,0.064,0.11,2.798,,,2026-07-20 00:25:23
浙江省,浙闽片河流,梁桥,2026-07-20 00:00,3,29.25,6.9,5.62,130.04,2.51,1.65,0.035,0.061,0.824,,,2026-07-20 00:25:23
浙江省,浙闽片河流,小旦,2026-07-20 00:00,2,26.6674,6.41,6.17,76.40872,78.28049,,,,,,,2026-07-20 00:25:23
浙江省,浙闽片河流,蒲岐,2026-07-20 00:00,2,31.51,7.32,6.99,170.9,17.71,1.02,0.023,0.067,1.93698,,,2026-07-20 00:25:23
浙江省,浙闽片河流,沙头,2026-07-20 00:00,2,29.59,7.27,7.96,46.212,7.409,1.72,0.044,0.022,0.8467,,,2026-07-20 00:25:23
浙江省,太湖流域,杨家浦,2026-07-20 00:00,4,31.28486,7.48,3.91,354.6558,40.81689,3.61,0.031,0.07,1.340654,,,2026-07-20 00:25:23
浙江省,浙闽片河流,曹娥江大闸闸前,2026-07-20 00:00,2,29.639,8.25,6.48,343.85,9.391,4,0.035,0.045,2.381,,,2026-07-20 00:25:23
浙江省,浙闽片河流,葛山头,2026-07-20 00:00,4,31.08,6.96,3.01,168.61,21.51,2.93,0.069,0.072,2.628,,,2026-07-20 00:25:23
浙江省,浙闽片河流,塔下洲,2026-07-20 00:00,3,30.74,7.75,6.31,489.442,69.789,4.91,0.096,0.123,2.9981,,,2026-07-20 00:25:23
浙江省,浙闽片河流,费垅,2026-07-20 00:00,3,31.41,7.16,6.03,293.818,10.109,3.19,0.307,0.138,2.9195,,,2026-07-20 00:25:23
浙江省,浙闽片河流,南江桥,2026-07-20 00:00,3,29.18,7.72,5.69,242.993,8.313,3.13,0.041,0.095,1.8331,,,2026-07-20 00:25:23
浙江省,浙闽片河流,横山,2026-07-20 00:00,2,28.84,7.38,6.97,144.32,6.322,1.61,0.039,0.038,1.3195,,,2026-07-20 00:25:23
浙江省,浙闽片河流,章店,2026-07-20 00:00,3,30.57,7.99,6.49,235.22,12.136,4.41,0.107,0.163,2.447,,,2026-07-20 00:25:23
浙江省,浙闽片河流,金清新闸,2026-07-20 00:00,3,30.58,7.68,6.6,871.243,32.233,5.57,0.131,0.157,2.5317,,,2026-07-20 00:25:23
浙江省,浙闽片河流,里石门水库,2026-07-20 00:00,2,30.67,,9.37,68.101,2.074,3.42,,0.014,0.6157,0.00436,897503.9,2026-07-20 00:25:23
浙江省,浙闽片河流,沙段,2026-07-20 00:00,2,31.1,7.16,6.4,117.305,7.636,2.89,0.032,0.052,1.6321,,,2026-07-20 00:25:23
浙江省,浙闽片河流,柏枝岙,2026-07-20 00:00,2,29.623,6.88,6.8,100.544,34.878,1.2,0.072,0.07,2.205,,,2026-07-20 00:25:23
浙江省,浙闽片河流,沙湾上,2026-07-20 00:00,2,24.17,7.28,9.12,27.789,135.125,3.34,0.185,0.038,0.5925,,,2026-07-20 00:25:23
浙江省,浙闽片河流,小溪口,2026-07-20 00:00,1,24.21,6.96,7.64,36.434,11.706,1.4,,0.016,0.5253,,,2026-07-20 00:25:23
安徽省,巢湖流域,兆河入湖口渡口,2026-07-20 00:00,4,30.31,7.18,4.9,317.931,18.4906,7.02,0.313,0.042,2.6915,,,2026-07-20 00:25:23
安徽省,巢湖流域,牛角大圩,2026-07-20 00:00,5,29.74,7.31,2.91,443.45,58.2779,6.96,0.048,0.114,2.69,,,2026-07-20 00:25:23
安徽省,巢湖流域,希望桥,2026-07-20 00:00,5,29.1,7.21,2.16,467.7,16.4,3.16,0.502,0.159,6.2,,,2026-07-20 00:25:23
安徽省,巢湖流域,湖滨,2026-07-20 00:00,5,30.1,8.77,6.84,274.42,26.42,5.68,,0.104,1.204,0.00661,9071101,2026-07-20 00:25:23
安徽省,巢湖流域,黄麓,2026-07-20 00:00,3,30.11,8.53,7.25,420.76,21.277,3.46,,0.04,0.117,0.01313,1743643,2026-07-20 00:25:23
安徽省,巢湖流域,靠近大坝,2026-07-20 00:00,2,30.55,8.54,8.43,147.53,3.65,2.73,,0.014,0.632,0.01332,4178365,2026-07-20 00:25:23
安徽省,巢湖流域,新河入湖区,2026-07-20 00:00,4,28.16,8.81,8,389.09,21.36,5.92,,0.075,1.13,0.01179,4.353803,2026-07-20 00:25:23
安徽省,巢湖流域,西半湖湖心,2026-07-20 00:00,5,30.03,,8.11,392.51,43.6,6.32,0.006,0.12,0.837,0.01305,2.412489,2026-07-20 00:25:23
安徽省,巢湖流域,龟山,2026-07-20 00:00,4,30.64,8.3,8.02,408.88,32.54,4.44,,0.053,1.007,0.01979,1.65796,2026-07-20 00:25:23
安徽省,巢湖流域,东半湖湖心,2026-07-20 00:00,3,30.164,8.69,7.55,440.121,15.442,4.15,,0.042,0.576,0.00752,1.117365,2026-07-20 00:25:23
安徽省,巢湖流域,兆河入湖区,2026-07-20 00:00,4,29.12,8.48,7.12,366.31,26.34,4.99,0.009,0.073,0.318,0.0041,1.160994,2026-07-20 00:25:23
安徽省,淮河流域,焦岗湖,2026-07-20 00:00,3,29.3,8.3,7.42,595.44,445.52,5.51,0.022,0.035,0.582,0.01557,1.422944,2026-07-20 00:25:23
安徽省,淮河流域,小王桥,2026-07-20 00:00,6,29.41,7.59,1.1,1587.76,7.39,4.84,0.256,0.112,1.235,,,2026-07-20 00:25:23
安徽省,长江流域,太平湖湖心,2026-07-20 00:00,2,30.41,,10.63,94.97,4.55,2.04,,0.017,0.644,0.00814,9136574,2026-07-20 00:25:23
安徽省,淮河流域,奎河苏皖省界,2026-07-20 00:00,6,28.89,7.1,3.29,681.8,29.3,7.59,1.253,0.447,4.416,,,2026-07-20 00:25:23
安徽省,长江流域,南漪湖西湖湖心,2026-07-20 00:00,4,31.86,,9.16,179.94,7.16,4.87,0.03,0.059,1.427,0.01271,6783329,2026-07-20 00:25:23
福建省,浙闽片河流,永泰横龙,2026-07-20 00:00,2,29.522,8.6,9.02,39.883,12.816,2.13,0.008,0.022,0.541,,,2026-07-20 00:25:23
福建省,浙闽片河流,闽清雄江,2026-07-20 00:00,2,31.56,7.7,7.82,114.235,2.3,2.31,0.012,0.028,1.009,,,2026-07-20 00:25:23
福建省,浙闽片河流,隘头潭,2026-07-20 00:00,2,28.81,6.32,6.73,188.275,2.709,2.42,0.05,0.051,0.3249,,,2026-07-20 00:25:23
福建省,浙闽片河流,尤溪拥口大桥,2026-07-20 00:00,3,29.79,7,5.48,117.435,20.446,3.26,0.063,0.063,1.6514,,,2026-07-20 00:25:23
福建省,浙闽片河流,南安康美桥,2026-07-20 00:00,3,27.94,7.12,6.59,140.769,7.421,2.09,0.113,0.13,2.2082,,,2026-07-20 00:25:23
福建省,浙闽片河流,永春东关桥,2026-07-20 00:00,4,28.47,6.58,4.54,134.9579,13.91761,1.88,0.127,0.086,2.5,,,2026-07-20 00:25:23
福建省,浙闽片河流,安溪罗内桥,2026-07-20 00:00,3,29.649,7.15,5.66,121,10.331,1.23,0.291,0.091,2.23,,,2026-07-20 00:25:23
福建省,浙闽片河流,南安霞东桥,2026-07-20 00:00,3,30.96,7.14,5.03,156.215,13.234,1.48,0.237,0.088,2.413,,,2026-07-20 00:25:23
福建省,浙闽片河流,华安西陂,2026-07-20 00:00,3,27.31947,7.1,5.81,230.6555,15.77243,1.49,0.107,0.073,1.538,,,2026-07-20 00:25:23
福建省,浙闽片河流,南靖靖城桥,2026-07-20 00:00,3,28.44,6.51,5.87,146.8,27.32,2.45,0.233,0.137,6.496,,,2026-07-20 00:25:23
福建省,浙闽片河流,诏安澳子头,2026-07-20 00:00,3,31.05,6.98,7.54,99.05,2.341,3.55,0.099,0.137,0.8099,,,2026-07-20 00:25:23
福建省,浙闽片河流,南靖洪濑汤坑桥,2026-07-20 00:00,2,28.046,6.5,6.06,202.8,47.155,1.43,0.054,0.052,11.418,,,2026-07-20 00:25:23
福建省,浙闽片河流,浦南水文站,2026-07-20 00:00,4,28.26816,7.06,6.9,190.7,23.318,7.54,0.047,0.088,2.777,,,2026-07-20 00:25:23
福建省,浙闽片河流,南溪浮宫桥,2026-07-20 00:00,6,29.52,6.89,2.62,675.618,209.768,3.77,0.493,0.421,,,,2026-07-20 00:25:23
福建省,浙闽片河流,上坂,2026-07-20 00:00,4,29.79,6.52,4.42,211.407,27.165,2.1,0.301,0.138,4.1221,,,2026-07-20 00:25:23
福建省,浙闽片河流,云霄高塘渡口,2026-07-20 00:00,5,28.13,6.68,2.46,177.702,18.161,2.48,0.364,0.197,5.8626,,,2026-07-20 00:25:23
福建省,浙闽片河流,水汾桥,2026-07-20 00:00,2,30.37,7.1,6.95,200.21,5.1,2.44,0.014,0.046,1.237,,,2026-07-20 00:25:23
福建省,浙闽片河流,建瓯蓬墩,2026-07-20 00:00,2,29.34,6.78,6.93,56.93,57.78,1.79,0.041,0.043,1.125,,,2026-07-20 00:25:23
福建省,浙闽片河流,将乐樟应,2026-07-20 00:00,2,29.85491,7.16,7.42,88.497,2.30814,2.47,0.008,0.029,1.022,,,2026-07-20 00:25:23
福建省,浙闽片河流,建阳坪州大桥,2026-07-20 00:00,2,29.7,7.08,7.1,76.02,6.963,2.09,0.019,0.051,1.14,,,2026-07-20 00:25:23
福建省,浙闽片河流,雁石桥,2026-07-20 00:00,2,26.82,7.45,7.83,229.696,32.606,1.52,0.054,0.093,1.576,,,2026-07-20 00:25:23
福建省,珠江流域,长汀美西桥,2026-07-20 00:00,3,26.2,6.94,5.26,154.653,6.405,1.51,0.087,0.089,1.4935,,,2026-07-20 00:25:23
福建省,浙闽片河流,福安白塔,2026-07-20 00:00,2,29.916,7.51,6.49,54.16,3.77,1.67,0.027,0.091,1.465,,,2026-07-20 00:25:23
江西省,长江流域,昌邑,2026-07-20 00:00,2,29.68,8.02,6.12,181.07,19.32,2.07,0.025,0.067,1.713,,,2026-07-20 00:25:23
江西省,长江流域,八一桥,2026-07-20 00:00,2,31.34,7.51,7.2,153.334,18.049,2.09,0.2,0.07,1.4104,,,2026-07-20 00:25:23
江西省,长江流域,焦石坝,2026-07-20 00:00,2,28.83,7.16,7.07,103.52,18.5,3.25,,0.058,1.4558,,,2026-07-20 00:25:23
江西省,长江流域,戴村,2026-07-20 00:00,2,28.475,7.2,7.38,203.25,13.85,1.28,0.027,0.027,0.762,,,2026-07-20 00:25:23
江西省,长江流域,龙山口,2026-07-20 00:00,3,29.59,7.86,5.59,324.409,6.928,1.58,0.009,0.029,0.5406,,,2026-07-20 00:25:23
江西省,长江流域,桐车湾,2026-07-20 00:00,4,29.5,7.69,3.88,410.03,1.746,2.4,0.032,0.122,2.7257,,,2026-07-20 00:25:23
江西省,长江流域,金鱼石,2026-07-20 00:00,4,31.33,7.65,4.48,371.47,3.18,1.78,0.067,0.088,1.96,,,2026-07-20 00:25:23
江西省,长江流域,吴城修河,2026-07-20 00:00,2,29.8,7.08,7.49,109.08,10.38,1.93,0.006,0.022,0.9823,,,2026-07-20 00:25:23
江西省,长江流域,姚港,2026-07-20 00:00,2,29.53,7.54,6.35,317.3,16.24,2.04,0.056,0.066,1.274,,,2026-07-20 00:25:23
江西省,长江流域,潦河河口,2026-07-20 00:00,2,28.9,6.66,6.13,112.6,30.284,2.14,0.079,0.051,1.2846,,,2026-07-20 00:25:23
江西省,长江流域,柘林湖坝上,2026-07-20 00:00,1,29.393,8.23,11.03,105.88,0.773,1.95,0.0001,0.009,0.871,,,2026-07-20 00:25:23
江西省,长江流域,共青城寨下,2026-07-20 00:00,4,29.8,7.35,4.57,328,22,2.93,0.317,0.074,1.927,,,2026-07-20 00:25:23
江西省,长江流域,罗坊,2026-07-20 00:00,4,30.62,7.23,4.24,306.138,19.822,4.04,0.203,0.087,1.8532,,,2026-07-20 00:25:23
江西省,长江流域,孔目江江口,2026-07-20 00:00,3,30.55,7.84,5.83,361.567,19.855,2.45,0.05,0.06,0.9178,,,2026-07-20 00:25:23
江西省,长江流域,浮桥,2026-07-20 00:00,2,28.5,7.82,7.34,,7.364,3.22,,,,,,2026-07-20 00:25:23
江西省,长江流域,傣家村,2026-07-20 00:00,3,31.03,8.5,6.18,199.561,7.077,4.52,0.086,0.039,1.1462,0.01057,2.065982,2026-07-20 00:25:23
江西省,长江流域,白塔河河口,2026-07-20 00:00,3,27.97,6.7,5.95,70.557,11.555,2.08,0.165,0.056,0.9667,,,2026-07-20 00:25:23
江西省,长江流域,土桥,2026-07-20 00:00,2,29.13,7.18,6.22,118.548,13.246,2.27,0.081,0.067,1.1948,,,2026-07-20 00:25:23
江西省,长江流域,流口村,2026-07-20 00:00,3,30.48,6.87,5.98,130.6229,8.781576,1.61,0.02,0.077,1.613759,,,2026-07-20 00:25:23
江西省,长江流域,市自来水厂,2026-07-20 00:00,2,29.88,7.29,7.79,111.89,4.867,1.26,0.066,0.032,0.9978,,,2026-07-20 00:25:23
江西省,长江流域,新庙前,2026-07-20 00:00,2,30.59,7.55,7.76,144.357,21.675,1.83,0.038,0.035,1.4209,,,2026-07-20 00:25:23
江西省,长江流域,赣县梅林,2026-07-20 00:00,3,30.66,7.57,6.51,152.244,13.885,3.26,0.442,0.141,1.7534,,,2026-07-20 00:25:23
江西省,长江流域,梓坑,2026-07-20 00:00,3,29.56,7.13,6.4,120.725,14.471,3.9,0.236,0.117,1.7823,,,2026-07-20 00:25:23
江西省,长江流域,峡山,2026-07-20 00:00,3,31.73,7.38,6.85,132.03,3.075,2.22,,0.107,1.5017,,,2026-07-20 00:25:23
江西省,长江流域,梅江江口,2026-07-20 00:00,2,31.27,7.49,7,106.934,14.088,2.66,0.124,0.093,1.3191,,,2026-07-20 00:25:23
江西省,长江流域,平江江口,2026-07-20 00:00,2,29.4,7.55,6.52,136.239,28.06,1.76,0.193,0.047,0.7911,,,2026-07-20 00:25:23
江西省,长江流域,上犹江江口,2026-07-20 00:00,1,28.61,7.22,7.89,84.472,7.819,1.59,0.049,0.016,0.5873,,,2026-07-20 00:25:23
江西省,长江流域,龙南自来水厂,2026-07-20 00:00,2,29.46,7.65,7.29,127.233,28.023,1.47,0.02,0.035,0.7124,,,2026-07-20 00:25:23
江西省,长江流域,桃江江口,2026-07-20 00:00,5,30.02,7.11,2.83,215.141,0.062,0.69,0.016,0.047,1.2233,,,2026-07-20 00:25:23
江西省,长江流域,大余城郊,2026-07-20 00:00,2,27.04,7.24,7.29,103.28,16.585,1.63,0.021,0.046,0.8474,,,2026-07-20 00:25:23
江西省,珠江流域,兴宁电站,2026-07-20 00:00,2,29.97,8.35,11.12,103.43,3.095546,2.54,0.023,0.022,2.408645,,,2026-07-20 00:25:23
江西省,长江流域,金滩,2026-07-20 00:00,2,31.87,7.32,6.27,142.032,12.11,1.62,0.074,0.049,1.3165,,,2026-07-20 00:25:23
江西省,长江流域,孤江江口,2026-07-20 00:00,3,31.92,7.24,5.55,119.73,5.105,2.6,0.01,0.032,0.8567,,,2026-07-20 00:25:23
江西省,长江流域,禾水河口,2026-07-20 00:00,2,29.57,7.59,6.31,145.807,6.123,2.96,0.041,0.032,0.7879,,,2026-07-20 00:25:23
江西省,长江流域,蜀水河口,2026-07-20 00:00,2,29.64,7.17,6.45,111.37,12.117,2.34,0.091,0.056,1.2177,,,2026-07-20 00:25:23
江西省,长江流域,遂川江江口,2026-07-20 00:00,2,31.36,7.35,6.66,89.762,25.276,1.72,0.142,0.067,0.945,,,2026-07-20 00:25:23
江西省,长江流域,乌江江口,2026-07-20 00:00,2,32.09,7.47,6.33,165.321,10.151,2.73,0.139,0.039,0.992,,,2026-07-20 00:25:23
江西省,长江流域,大洋洲,2026-07-20 00:00,2,30.8,7.52,6.99,138.614,8.985,1.9,0.064,0.044,1.1667,,,2026-07-20 00:25:23
江西省,长江流域,棚下,2026-07-20 00:00,4,30.31,7.15,4.7,210.5009,6.91,2.14,0.024,0.093,1.322,,,2026-07-20 00:25:23
江西省,长江流域,修河港口,2026-07-20 00:00,2,27.89,6.83,7.02,43.8,14.5,1.54,0.019,0.04,0.482,,,2026-07-20 00:25:23
江西省,长江流域,超坊,2026-07-20 00:00,2,29.22,7.84,7,124.612,14.122,2.57,0.143,0.062,1.1151,,,2026-07-20 00:25:23
江西省,长江流域,钟岭水厂,2026-07-20 00:00,3,29.3,6.88,5.95,86.49,20.89,3.32,0.021,0.076,1.2802,,,2026-07-20 00:25:23
江西省,长江流域,临水河口,2026-07-20 00:00,2,28.2,6.57,6.38,99.38,7.68,2.41,0.125,0.057,1.396,,,2026-07-20 00:25:23
江西省,长江流域,瑞洪大桥,2026-07-20 00:00,5,30.14,6.63,2.73,94.58,18.61,2.1,,0.058,1.012,,,2026-07-20 00:25:23
江西省,长江流域,旗山,2026-07-20 00:00,2,30.55,7.31,6.48,132.39,4.83,1.88,0.036,0.081,1.252,,,2026-07-20 00:25:23
山东省,淮河流域,峡山水库库中,2026-07-20 00:00,3,27.43,8.11,6.31,794.29,8.22,4.19,0.042,0.036,1.384,0.01396,6454900,2026-07-20 00:25:23
山东省,淮河流域,牛庄闸,2026-07-20 00:00,2,30.92,7.92,7.55,1055.75,21.247,3.82,0.054,0.019,4.255,,,2026-07-20 00:25:23
山东省,黄河流域,徐家汶,2026-07-20 00:00,4,26.22526,7.59,3.7,938.4183,51.47677,2.24,0.008,0.128,23.99267,,,2026-07-20 00:25:23
山东省,淮河流域,大古镇,2026-07-20 00:00,6,23.24,7.47,2.17,588.81,17.53,5.14,2.161,0.398,5.368,,,2026-07-20 00:25:23
山东省,淮河流域,云蒙湖湖心,2026-07-20 00:00,3,22.73,,14.33,411.1,4,3.39,,0.026,2.635,0.03754,1504390,2026-07-20 00:25:23
山东省,海河流域,北湖,2026-07-20 00:00,2,30.04,8.58,9.15,938.63,0.95,2.16,,0.01,2.415,0.00488,943900.1,2026-07-20 00:25:23
河南省,黄河流域,高崖寨,2026-07-20 00:00,3,28.7,7.98,5.63,499.93,2.2,1.87,0.015,0.04,1.905,,,2026-07-20 00:25:23
河南省,海河流域,彰武水库,2026-07-20 00:00,1,29.787,8.18,10.27,536.6,4.59,1.16,0.003,0.014,3.4849,,,2026-07-20 00:25:23
河南省,海河流域,五陵,2026-07-20 00:00,5,29.97,7.51,2.36,1198.4,106,4.1,1.061,0.206,7.149,,,2026-07-20 00:25:23
河南省,海河流域,前枋城,2026-07-20 00:00,1,29.404,8.05,8.22,504.99,4.085,1.04,,,4.5253,,,2026-07-20 00:25:23
河南省,海河流域,获嘉东碑村,2026-07-20 00:00,5,33.42,7.53,2.77,1990.4,52.58,6.53,0.951,0.367,4.383,,,2026-07-20 00:25:23
河南省,黄河流域,封丘陶北,2026-07-20 00:00,4,31.11,7.59,3.17,952.84,37.75,3.86,0.266,0.14,2.899,,,2026-07-20 00:25:23
河南省,黄河流域,封丘王堤,2026-07-20 00:00,5,30.381,7.4,4.14,618.37,59.96,5.8,1.506,0.311,3.7787,,,2026-07-20 00:25:23
河南省,海河流域,新乡贾太湖,2026-07-20 00:00,3,31.82,7.91,5.53,947.432,160.799,2.67,,0.061,3.3815,,,2026-07-20 00:25:23
河南省,海河流域,南乐元村集,2026-07-20 00:00,4,23.78,7.52,6.21,1254.42,105.44,4.22,0.324,0.211,7.995,,,2026-07-20 00:25:23
河南省,海河流域,濮阳西水坡,2026-07-20 00:00,2,30.69,8.39,7.93,989.6,7.07,2.37,0.188,0.014,1.287,,,2026-07-20 00:25:23
河南省,黄河流域,濮阳大韩桥,2026-07-20 00:00,5,28.11,7.39,3.96,540.45,49.86,6.71,1.89,0.282,2.364,,,2026-07-20 00:25:23
河南省,淮河流域,白沙水库,2026-07-20 00:00,2,30.1903,8.21,7.92,877.171,4.5137,2.26,0.015,0.011,4.4582,,,2026-07-20 00:25:23
河南省,淮河流域,叶舞公路桥,2026-07-20 00:00,4,29.268,7.31,4.4,337.68,8.522,3.3,0.01,0.041,1.171,,,2026-07-20 00:25:23
河南省,黄河流域,洛河大桥,2026-07-20 00:00,3,27.72,7.94,6.43,467.473,171.555,4.78,,0.131,3.4754,,,2026-07-20 00:25:23
河南省,长江流域,淅川荆紫关,2026-07-20 00:00,2,29.17004,8.31,7.32,362.5683,3.081303,1.71,0.007,0.015,1.261,,,2026-07-20 00:25:23
河南省,长江流域,淅川史家湾,2026-07-20 00:00,2,30.33,8.13,6.92,370.848,9.552,1.47,,0.017,1.1269,0.00165,,2026-07-20 00:25:23
河南省,长江流域,淅川高湾,2026-07-20 00:00,2,31.32,7.77,8.11,378.336,11.769,2.4,,0.032,0.6288,0.0065,,2026-07-20 00:25:23
河南省,长江流域,淅川张营,2026-07-20 00:00,2,32.4,8.68,8.45,337.078,18.878,2.85,,0.016,0.8765,0.01058379,,2026-07-20 00:25:23
河南省,长江流域,陶岔,2026-07-20 00:00,1,31.23,8.52,8.18,254.854,3.52,1.32,,0.008,0.8579,0.0027,795370,2026-07-20 00:25:23
河南省,淮河流域,吕楼桥,2026-07-20 00:00,4,28.5,7.59,4.17,1186.598,32.265,6.53,0.058,0.113,2.9214,,,2026-07-20 00:25:23
河南省,淮河流域,黄口,2026-07-20 00:00,5,27.21,7.77,2.02,1314.638,8.641,5.23,0.125,0.082,1.6859,,,2026-07-20 00:25:23
河南省,淮河流域,老沈丘泉河桥,2026-07-20 00:00,4,31.56,7.69,4.15,731.02,64.547,3.44,0.012,0.11,0.5992,,,2026-07-20 00:25:23
河南省,淮河流域,刘寨村后,2026-07-20 00:00,4,30.96,7.58,3.05,1389,15.67,4.78,0.032,0.088,1.9185,,,2026-07-20 00:25:23
河南省,淮河流域,鹿邑付桥,2026-07-20 00:00,3,30.55,7.98,6.08,1053.823,10.468,4.77,0.126,0.046,0.8908,,,2026-07-20 00:25:23
河南省,黄河流域,小浪底水库,2026-07-20 00:00,4,29.37,7.74,3.19,1070.365,228.939,5.02,0.02,0.091,3.4906,,,2026-07-20 00:25:23
湖北省,长江流域,牛山湖湖心,2026-07-20 00:00,2,31.85,8.82,8.1,190.845,10.617,3.26,,0.016,0.004,0.00393,5.597274,2026-07-20 00:25:23
湖北省,长江流域,西梁子湖湖北,2026-07-20 00:00,3,32.2214,,8.11,170.08,25.613,4.78,,0.017,0.605,0.00495,8936238,2026-07-20 00:25:23
湖北省,长江流域,杨泗港,2026-07-20 00:00,2,29.12,7.68,6.71,264.7,43.33,1.58,,0.05,1.448,,,2026-07-20 00:25:23
湖北省,长江流域,龙口,2026-07-20 00:00,4,31.38,8.95,9.78,143.29,13.97,6.57,0.013,0.076,1.591,,,2026-07-20 00:25:23
湖北省,长江流域,金水闸,2026-07-20 00:00,6,30.84,7.2,1.76,247.54,49.27,4.32,0.096,0.064,1.093,,,2026-07-20 00:25:23
湖北省,长江流域,港洲村,2026-07-20 00:00,3,31.89,7.95,9.55,444.3,217.8,5.67,0.024,0.069,0.653,,,2026-07-20 00:25:23
湖北省,长江流域,白浒山,2026-07-20 00:00,2,29.13,7.74,6.69,296.7274,35.77464,1.78,0.031,0.07,1.543116,,,2026-07-20 00:25:23
湖北省,长江流域,挖沟泵站,2026-07-20 00:00,3,32.78371,6.93,5.79,952.0552,9.306284,4.32,0.206,0.09,2.315448,,,2026-07-20 00:25:23
湖北省,长江流域,富池闸,2026-07-20 00:00,4,28.6,7.67,4.34,195.8202,19.06628,1.95,0.034,0.064,1.509947,,,2026-07-20 00:25:23
湖北省,长江流域,丹江口水库坝上中,2026-07-20 00:00,1,31.48,8.47,9.41,250.845,1.103362,1.26,0.061,0.004,0.9588,0.0020045,1.9089,2026-07-20 00:25:23
湖北省,长江流域,潘口水库坝上,2026-07-20 00:00,1,31.65,8.84,10.41,179.5,3.6,1.66,,0.008,0.161,,,2026-07-20 00:25:23
湖北省,长江流域,玉皇滩,2026-07-20 00:00,2,30.067,8.27,9.86,348.6,15.963,1.98,0.03,0.023,1.131,,,2026-07-20 00:25:23
湖北省,长江流域,隔河岩水库坝上,2026-07-20 00:00,2,20.27,8.77,8.78,185.81,2.66,1.04,,0.014,1.618,0.03596,4275263,2026-07-20 00:25:23
湖北省,长江流域,长沙坝,2026-07-20 00:00,2,24.743,8.56,10.56,345.244,999,1.76,0.013,0.036,1.424,,,2026-07-20 00:25:23
湖北省,长江流域,清江大桥,2026-07-20 00:00,2,21.99,7.62,7.29,318.659,31.428,2.05,0.033,0.076,3.796,,,2026-07-20 00:25:23
湖北省,长江流域,马渡河,2026-07-20 00:00,2,23.66,7.5,6.96,366.7,18.66,1.77,0.006,0.015,2.209,,,2026-07-20 00:25:23
湖北省,长江流域,铁路大桥,2026-07-20 00:00,3,28.81,7.71,6.5,506.2,18.6,3.18,0.189,0.184,1.685,,,2026-07-20 00:25:23
湖北省,长江流域,桅杆坪,2026-07-20 00:00,2,18.36,7.48,7.09,285.36,3.89,1.17,,0.036,2.932,,,2026-07-20 00:25:23
湖北省,长江流域,白石港,2026-07-20 00:00,2,30.74,8.31,7.33,307.477,5.788,2.08,0.008,0.008,0.758,,,2026-07-20 00:25:23
湖北省,长江流域,云池,2026-07-20 00:00,2,24.17,7.77,8.21,346.78,15.89,1.46,,0.046,1.812,,,2026-07-20 00:25:23
湖北省,长江流域,翟湾,2026-07-20 00:00,3,30.99,7.71,5.31,431.4271,30.32468,3.28,,0.052,1.2161,,,2026-07-20 00:25:23
湖北省,长江流域,沈湾,2026-07-20 00:00,1,16.15,7.81,7.94,339.5,3.89,1.37,0.029,0.009,1.359,,,2026-07-20 00:25:23
湖北省,长江流域,东梁子湖湖心,2026-07-20 00:00,3,31.99,6.23,8.65,177.635,20.144,5.97,,0.04,0.585,,,2026-07-20 00:25:23
湖北省,长江流域,梁子湖七星站,2026-07-20 00:00,4,31.52,8.56,5.86,180.8211,12.22904,7.47,0.098,0.004,0.8316623,0.02735567,2.5489,2026-07-20 00:25:23
湖北省,长江流域,漳河水库库心,2026-07-20 00:00,1,31.66,8.17,7.79,301.2318,1.2294,1.75,,0.002,0.536,0.00042,1.9883,2026-07-20 00:25:23
湖北省,长江流域,转斗,2026-07-20 00:00,2,29.93,8.18,7.07,354.7,11.6276,3.11,0.004,0.033,1.179,,,2026-07-20 00:25:23
湖北省,长江流域,罗汉闸,2026-07-20 00:00,2,31.15,7.96,7.91,340.06,9.84,2.78,0.017,0.046,1.0475,,,2026-07-20 00:25:23
湖北省,长江流域,京山河邓李港,2026-07-20 00:00,3,30.54,7.36,5.67,389.4582,32.6272,4.1,0.295,0.141,2.852,,,2026-07-20 00:25:23
湖北省,长江流域,马良龚家湾,2026-07-20 00:00,6,33.672,7.32,1.41,2327.29,53.82,5.54,0.48,0.22,2.9964,,,2026-07-20 00:25:23
湖北省,长江流域,应城公路桥,2026-07-20 00:00,3,32.05,7.87,5.84,455.71,22.1814,2.59,0.025,0.052,0.6068,,,2026-07-20 00:25:23
湖北省,长江流域,田店泵站,2026-07-20 00:00,2,31.1,7.87,6.58,383.61,21.1798,2.68,0.113,0.058,0.92163,,,2026-07-20 00:25:23
湖北省,长江流域,小河,2026-07-20 00:00,3,32.18,8.03,5.69,369.92,44.05,2.25,0.032,0.052,1.894,,,2026-07-20 00:25:23
湖北省,长江流域,孝昌王店,2026-07-20 00:00,3,31.77,6.63,7.37,296.1,32.239,5.66,0.028,0.127,12,,,2026-07-20 00:25:23
湖北省,长江流域,大悟河口,2026-07-20 00:00,2,30.22,7.65,6.11,192.6,19.55,3.2,0.033,0.066,1.0536,,,2026-07-20 00:25:23
湖北省,长江流域,安陆桑树,2026-07-20 00:00,2,32.06,7.82,6.54,443.05,21.5008,2.52,0.021,0.042,0.64171,,,2026-07-20 00:25:23
湖北省,长江流域,隔蒲桥,2026-07-20 00:00,4,32.93,7.26,4.73,427.45,19.321,5.48,0.165,0.088,1.8261,,,2026-07-20 00:25:23
湖北省,长江流域,汉川新堰,2026-07-20 00:00,5,32.42,7.18,2.44,479.04,31.288,3.01,0.199,0.192,2.057,,,2026-07-20 00:25:23
湖北省,长江流域,杨柴湖,2026-07-20 00:00,3,29.5,7.27,6.3,317.5,11.9,3.25,,0.034,0.536,0.00657,1.667125,2026-07-20 00:25:23
湖北省,长江流域,排水闸,2026-07-20 00:00,4,28.27,7.75,6.69,306.594,45.082,2.06,0.005,0.062,1.847,0.00063,1.667807,2026-07-20 00:25:23
湖北省,长江流域,观音寺,2026-07-20 00:00,2,25,7.79,7.29,371.31,22,1.23,,0.049,2.19,,,2026-07-20 00:25:23
湖北省,长江流域,荆州河口,2026-07-20 00:00,3,31.42,7.89,13.27,536.1698,26.2877,5.32,0.033,0.064,2.0478,,,2026-07-20 00:25:23
湖北省,长江流域,康家岗,2026-07-20 00:00,2,26.18,7.28,7,383.677,13.9488,1.2,0.005,0.046,1.707,,,2026-07-20 00:25:23
湖北省,长江流域,淤泥湖,2026-07-20 00:00,2,26.8,7.88,7.97,350.8,20.5,0.81,0.003,0.086,1.557,,,2026-07-20 00:25:23
湖北省,长江流域,杨家垱,2026-07-20 00:00,2,26.2,7.88,7.92,360.83,27.68,1.63,0.006,0.075,2.035,,,2026-07-20 00:25:23
湖北省,长江流域,调关,2026-07-20 00:00,2,25.92,7.75,7.94,344.8943,28.2604,1.29,0.003,0.048,1.894,,,2026-07-20 00:25:23
湖北省,长江流域,东关桥,2026-07-20 00:00,4,32.7,7.48,3.72,521.7,58.4,3.09,0.13,0.127,3.4339,,,2026-07-20 00:25:23
湖北省,长江流域,姚集,2026-07-20 00:00,4,28.8,7.47,4.32,406.8,37,2.95,0.135,0.099,1.858,,,2026-07-20 00:25:23
湖北省,长江流域,乌溪沟,2026-07-20 00:00,5,21.58387,8.07,8.13,294.0467,70.3756,2.49,0.131,0.314,3.257277,,,2026-07-20 00:25:23
湖北省,长江流域,咸宁湖心,2026-07-20 00:00,4,32.52,8.32,6.55,192.607,22.265,6.07,0.494,0.054,1.072,0.01294,2.177403,2026-07-20 00:25:23
湖北省,长江流域,陆溪口,2026-07-20 00:00,3,28.62,7.65,5.6,199.82,21.58,3.71,0.176,0.068,1.449,,,2026-07-20 00:25:23
湖北省,长江流域,洪下水文站,2026-07-20 00:00,2,27.8,7.61,6.93,192.1,8.51,1.49,0.056,0.042,1.122,,,2026-07-20 00:25:23
湖北省,长江流域,平林,2026-07-20 00:00,4,32.53,7.45,4.83,361.908,16.536,6.04,0.047,0.111,1.124,,,2026-07-20 00:25:23
湖北省,长江流域,江口村,2026-07-20 00:00,1,29.49,8.76,16.79,149.42,8.935,1.48,0.014,0.019,1.105,,,2026-07-20 00:25:23
湖北省,长江流域,恩施大沙坝,2026-07-20 00:00,3,22.98,7.94,8.43,339,44.3,2.71,0.072,0.153,5.075,,,2026-07-20 00:25:23
湖北省,长江流域,雪照河,2026-07-20 00:00,2,22.8,8.39,9.23,373.29,38.6,1.95,,0.09,3.576,,,2026-07-20 00:25:23
湖北省,长江流域,周家坝,2026-07-20 00:00,2,22.08,7.88,8.42,252.23,29.58,1.4,,0.025,2.4,,,2026-07-20 00:25:23
湖北省,长江流域,拖市,2026-07-20 00:00,5,29.89,7.17,2.5,455.3,37.278,5.08,0.387,0.195,2.48,,,2026-07-20 00:25:23
湖北省,长江流域,阳日湾,2026-07-20 00:00,4,22.397,8.02,8.36,336.216,50.643,3.17,0.101,0.21,1.4701,,,2026-07-20 00:25:23
湖南省,长江流域,昭山,2026-07-20 00:00,2,30.6,7.7,7.19,206.4,14.1,1.34,,0.046,1.382,,,2026-07-20 00:25:23
湖南省,长江流域,捞刀河口,2026-07-20 00:00,4,31.21,6.6,3.93,160.9,43.2993,3.34,0.416,0.108,1.838,,,2026-07-20 00:25:23
湖南省,长江流域,三角洲,2026-07-20 00:00,6,30.17,6.88,1.56,152.36,108.12,3.13,1.264,0.193,3.713,,,2026-07-20 00:25:23
湖南省,长江流域,胜利,2026-07-20 00:00,5,28.91,6.94,2.69,225.69,26.56,3.2,0.596,0.106,1.806,,,2026-07-20 00:25:23
湖南省,长江流域,西阳渡口,2026-07-20 00:00,3,28.69,7.59,5.82,397.68,39.674,1.61,0.078,0.025,2.138,,,2026-07-20 00:25:23
湖南省,长江流域,舂陵水入湘江口,2026-07-20 00:00,2,31.3946,8.17,7.51,269.2134,6.9694,1.78,0.014,0.048,1.1217,,,2026-07-20 00:25:23
湖南省,长江流域,洣水入湘江口,2026-07-20 00:00,3,31.266,7.53,5.68,137.59,13.22,2.61,0.073,0.041,1.379,,,2026-07-20 00:25:23
湖南省,长江流域,塘渡口,2026-07-20 00:00,2,29.67,7.63,6.7,129.6183,4.4761,1,0.048,0.029,1.257,,,2026-07-20 00:25:23
湖南省,长江流域,窑市,2026-07-20 00:00,1,25.65,7.57,8.47,44.766,10.2439,0.43,,0.02,0.446,,,2026-07-20 00:25:23
湖南省,长江流域,邵水入河口,2026-07-20 00:00,3,30.81,7.91,5.33,437.875,36.111,2.88,0.945,0.136,3.009,,,2026-07-20 00:25:23
湖南省,长江流域,绥宁河口镇,2026-07-20 00:00,2,26.1,7.16,7.66,86.4446,9.1275,0.64,0.012,0.022,0.6138,,,2026-07-20 00:25:23
湖南省,长江流域,岳阳楼,2026-07-20 00:00,4,31.32,7.76,6.22,223.1484,25.23589,0.7,0.017,0.052,1.0002,0.0054062,369311,2026-07-20 00:25:23
湖南省,长江流域,城陵矶,2026-07-20 00:00,2,27.99,7.83,6.47,292.533,36.85194,0.73,0.015,0.059,1.0542,,,2026-07-20 00:25:23
湖南省,长江流域,南渡,2026-07-20 00:00,3,29.98,6.91,5.31,124.75,10.89,1.4,0.146,0.091,1.489,,,2026-07-20 00:25:23
湖南省,长江流域,马坡湖,2026-07-20 00:00,2,26.36,8.03,7.96,352.123,31.5532,0.95,0.002,0.085,2.01,,,2026-07-20 00:25:23
湖南省,长江流域,永定澄潭,2026-07-20 00:00,2,26.04,7.82,9.11,215.09,12.601,0.86,0.02,0.04,0.781,,,2026-07-20 00:25:23
湖南省,长江流域,万家嘴,2026-07-20 00:00,2,29.14,7.4,7.09,163.1275,26.41241,1.73,0.036,0.061,2.2391,0.0021508,223810.7,2026-07-20 00:25:23
湖南省,长江流域,南嘴,2026-07-20 00:00,4,29.41,7.41,6.12,205.5184,74.3236,1.72,,0.058,1.2991,0.030875,692000.8,2026-07-20 00:25:23
湖南省,长江流域,小河嘴,2026-07-20 00:00,2,28.89,7.76,7.83,189.908,35.652,1.18,0.213,0.025,1.193,0.00316554,5.49748,2026-07-20 00:25:23
湖南省,长江流域,桃谷山,2026-07-20 00:00,2,27.97,7.7,7.89,182.621,78.0145,1.74,,0.09,1.937,,,2026-07-20 00:25:23
湖南省,长江流域,五强溪,2026-07-20 00:00,2,28.76,8.22,9.38,177.904,3.1992,1.13,0.018,0.025,1.228,,,2026-07-20 00:25:23
湖南省,长江流域,地阳坪公路大桥,2026-07-20 00:00,2,26.14,7.06,8.01,73.5481,11.8633,1.39,,0.042,0.493,,,2026-07-20 00:25:23
湖南省,长江流域,舞水入河口,2026-07-20 00:00,2,29.48,7.93,7,235.2,11.654,1.28,0.054,0.065,1.635,,,2026-07-20 00:25:23
湖南省,长江流域,溪子口,2026-07-20 00:00,2,21.86,7.52,8.36,230.8,5.252,0.52,0.021,0.03,1.372,,,2026-07-20 00:25:23
湖南省,长江流域,街埠头,2026-07-20 00:00,1,31.81,7.71,8.83,338.421,6.6503,1.98,0.002,0.016,1.371,,,2026-07-20 00:25:23
湖南省,长江流域,浦市上游,2026-07-20 00:00,2,29.01,7.48,7.14,138.92,10.94,0.89,,0.04,1.081,,,2026-07-20 00:25:23
湖南省,长江流域,武水汇合口,2026-07-20 00:00,2,29.06,7.57,7.31,147.037,7.5363,1.23,,0.035,1.013,,,2026-07-20 00:25:23
广东省,珠江流域,珠海大桥,2026-07-20 00:00,3,28.06,7.57,5.47,247.493,92.143,2.41,,0.101,2.408,,,2026-07-20 00:25:23
广东省,珠江流域,石角咀水闸,2026-07-20 00:00,5,29.13,6.82,2.2,546.052,58.862,4.05,1.883,0.251,3.611,,,2026-07-20 00:25:23
广东省,珠江流域,鸡啼门大桥,2026-07-20 00:00,4,28.21,7.31,4.65,415,68.75,2.34,0.161,0.158,2.349,,,2026-07-20 00:25:23
广东省,珠江流域,布洲,2026-07-20 00:00,3,27.04,7.63,5.86,201.007,152.56,3.47,,0.127,2.555,,,2026-07-20 00:25:23
广东省,珠江流域,海门湾桥闸,2026-07-20 00:00,5,28.53,7.33,6.36,492.87,30.86,4.85,1.897,0.183,4.17,,,2026-07-20 00:25:23
广东省,珠江流域,苍山渡口,2026-07-20 00:00,4,28.35,6.82,3.31,201.707,57.121,3.68,0.099,0.166,1.831,,,2026-07-20 00:25:23
广东省,珠江流域,牛湾,2026-07-20 00:00,4,28.87,6.63,3.49,153.3,40.77,3.97,0.149,0.165,1.888,,,2026-07-20 00:25:23
广东省,珠江流域,渠首,2026-07-20 00:00,3,29.93,6.94,5.26,122.25,10.96,4.23,0.067,0.026,0.908,0.01026,3727063,2026-07-20 00:25:23
广东省,珠江流域,黄坡,2026-07-20 00:00,3,32.2,6.81,5.8,152.25,24.97,4.36,,0.11,2.087,,,2026-07-20 00:25:23
广东省,珠江流域,运河管理局,2026-07-20 00:00,3,31.08,7.68,7.15,134.87,27.83,4.74,,0.026,0.82,,,2026-07-20 00:25:23
广东省,珠江流域,排里,2026-07-20 00:00,4,31.03,7.17,7.66,189.37,13.49,6.75,0.054,0.147,2.121,,,2026-07-20 00:25:23
广东省,珠江流域,南渡河桥,2026-07-20 00:00,4,32.19,6.66,3,191.37,27.86,5.56,0.733,0.083,3.376,,,2026-07-20 00:25:23
广东省,珠江流域,营仔,2026-07-20 00:00,4,30.43,6.8,4.79,162.97,18.7,6.12,0.037,0.176,2.42,,,2026-07-20 00:25:23
广东省,珠江流域,黄竹尾水闸,2026-07-20 00:00,3,31.56,6.76,5.78,132.61,34.2,4.42,0.038,0.157,2.051,,,2026-07-20 00:25:23
广东省,珠江流域,塘口,2026-07-20 00:00,3,30.58,7.15,8.2,118.56,22.3,4.09,0.012,0.191,2.495,,,2026-07-20 00:25:23
广东省,珠江流域,石骨水库,2026-07-20 00:00,2,30.071,,8.84,68.06,3.0556,1.43,0.005,0.012,0.452,,,2026-07-20 00:25:23
广东省,珠江流域,良德水库,2026-07-20 00:00,2,30.39,8.42,8.68,66.161,10.972,2.97,0.001,0.012,0.226,0.00632,1080050,2026-07-20 00:25:23
广东省,珠江流域,米急渡,2026-07-20 00:00,3,28.38,7.17,6.11,96.724,73.52,2.35,0.101,0.129,2.068,,,2026-07-20 00:25:23
广东省,珠江流域,五丰渡口,2026-07-20 00:00,3,29.14,6.86,5.07,100.4,20.51,1.77,0.136,0.071,3.1129,,,2026-07-20 00:25:23
广东省,珠江流域,新铺,2026-07-20 00:00,3,28.79,7.19,5.26,123.215,14.303,1.84,0.137,0.048,1.6903,,,2026-07-20 00:25:23
广东省,珠江流域,海丰西闸,2026-07-20 00:00,3,29.28,6.6,5.89,62.6,42.1,3.91,0.147,0.083,1.002,,,2026-07-20 00:25:23
广东省,珠江流域,东溪水闸,2026-07-20 00:00,4,30.2,6.51,4.13,201.18,51.216,6.96,0.295,0.128,2.026,,,2026-07-20 00:25:23
广东省,珠江流域,江城,2026-07-20 00:00,3,28.92,6.89,6.6,106.852,35.304,2.38,0.164,0.14,1.181,,,2026-07-20 00:25:23
广东省,珠江流域,尖山,2026-07-20 00:00,3,28.78,6.6,5.43,115.16,60.1,3.82,0.141,0.197,2.166,,,2026-07-20 00:25:23
广东省,珠江流域,埠场,2026-07-20 00:00,3,28.55,6.8,6.39,130.675,49.285,3.73,0.14,0.178,1.895,,,2026-07-20 00:25:23
广东省,珠江流域,大泉,2026-07-20 00:00,4,29.97,6.73,3.95,198.1,22.6,4.24,0.446,0.205,2.54,,,2026-07-20 00:25:23
广东省,珠江流域,樟村,2026-07-20 00:00,4,29.58,6.94,3.13,359.594,4.04,3.6,1.168,0.202,4.911,,,2026-07-20 00:25:23
广东省,珠江流域,旗岭,2026-07-20 00:00,4,29.27,7.15,3.62,332.286,19.53,2.52,1.046,0.218,4.214,,,2026-07-20 00:25:23
广东省,珠江流域,中山港码头,2026-07-20 00:00,4,28.38,7.41,4.91,269.76,84.215,2.7,0.4,0.125,3.004,,,2026-07-20 00:25:23
广东省,珠江流域,赤凤,2026-07-20 00:00,3,29.75,7.35,6.85,112.96,16.46,1.64,0.001,0.118,1.441,,,2026-07-20 00:25:23
广东省,珠江流域,龟山塔,2026-07-20 00:00,3,28.49,6.81,5.7,78.141,12.745,1.31,0.138,0.093,1.2856,,,2026-07-20 00:25:23
广西壮族自治区,珠江流域,老口,2026-07-20 00:00,2,28.30217,7.83,7.07,291.803,17.22267,1.1,0.008,0.043,2.785904,,,2026-07-20 00:25:23
广西壮族自治区,珠江流域,叮当,2026-07-20 00:00,2,28.85,7.68,7.48,333.289,22.391,1.38,0.047,0.076,4.7635,,,2026-07-20 00:25:23
广西壮族自治区,珠江流域,六景,2026-07-20 00:00,2,28.71,7.86,6.5,315.99,26.54,1.84,,0.046,2.441,,,2026-07-20 00:25:23
广西壮族自治区,珠江流域,白马,2026-07-20 00:00,2,27.69,7.69,6.15,308.62,16.63,1.79,0.017,0.032,1.643,,,2026-07-20 00:25:23
广西壮族自治区,珠江流域,东边埇,2026-07-20 00:00,3,27.81,6.95,7.25,70.2598,103.38,2.61,0.039,0.135,1.978,,,2026-07-20 00:25:23
广西壮族自治区,珠江流域,西门江,2026-07-20 00:00,4,30.55,6.69,3.91,585.333,24.681,4.19,0.352,0.161,3.0808,,,2026-07-20 00:25:23
广西壮族自治区,珠江流域,三滩,2026-07-20 00:00,2,26.39,6.43,8.26,29.9,43.62,1.71,0.069,0.049,0.733,,,2026-07-20 00:25:23
广西壮族自治区,珠江流域,边贸码头,2026-07-20 00:00,2,28.23,6.7,6.71,64.33,73.49,1.88,0.082,0.083,1.262,,,2026-07-20 00:25:23
广西壮族自治区,珠江流域,高塘,2026-07-20 00:00,3,28.63,6.1,6.76,62.18,73.69,3.15,0.183,0.103,2.7,,,2026-07-20 00:25:23
广西壮族自治区,珠江流域,茅岭大桥,2026-07-20 00:00,6,27.14,5.68,7.31,47.24,252.24,2.86,0.02,0.108,1.068,,,2026-07-20 00:25:23
广西壮族自治区,珠江流域,高速公路西桥,2026-07-20 00:00,4,31.25,6.99,5.55,1066,51.85,6.29,0.235,0.219,2.203,,,2026-07-20 00:25:23
广西壮族自治区,珠江流域,公篓,2026-07-20 00:00,4,24.82,7.74,6.34,267.56,75.69,2.44,0.432,0.222,1.748,,,2026-07-20 00:25:23
广西壮族自治区,珠江流域,贺街,2026-07-20 00:00,2,27.66,7.68,7.51,159.45,21.002,0.83,0.038,0.05,1.175,,,2026-07-20 00:25:23
广西壮族自治区,珠江流域,上金,2026-07-20 00:00,4,30,6.74,4.96,147.041,60.1012,2.42,,0.035,2.8874,,,2026-07-20 00:25:23
广西壮族自治区,珠江流域,渠立,2026-07-20 00:00,2,27.99,7.84,8.3,279.808,32.823,1.47,,0.03,2.645,,,2026-07-20 00:25:23
广西壮族自治区,珠江流域,棉江,2026-07-20 00:00,2,28.83,7.4,6.57,253.74,27.712,1.36,0.014,0.027,2.4946,,,2026-07-20 00:25:23
海南省,珠江流域,儒房,2026-07-20 00:00,2,31.9,7.92,7.82,16191,7.8,2.44,0.236,0.068,1.181,,,2026-07-20 00:25:23
海南省,珠江流域,后黎村,2026-07-20 00:00,2,32.3,7.6,8.77,100.3,8.7,3.32,,0.082,1.038,,,2026-07-20 00:25:23
海南省,珠江流域,林家村,2026-07-20 00:00,2,31.86,7.42,8.33,129.95,37.33,1.85,0.007,0.029,2.977,,,2026-07-20 00:25:23
海南省,珠江流域,崖城大桥,2026-07-20 00:00,2,29.8,6.8,7.41,107.84,40.5,1.82,0.011,0.033,2.134,,,2026-07-20 00:25:23
海南省,珠江流域,上村桥,2026-07-20 00:00,3,31.2,7.46,5.12,348.9,20.3,4.05,0.004,0.06,0.736,,,2026-07-20 00:25:23
海南省,珠江流域,中和桥,2026-07-20 00:00,3,32,7.3,7.88,596.9,19.9,4.11,0.024,0.081,0.369,,,2026-07-20 00:25:23
海南省,珠江流域,溪仔村,2026-07-20 00:00,2,30.1,6.73,9.5,91.54,6.52,2.37,0.006,0.042,0.632,,,2026-07-20 00:25:23
海南省,珠江流域,羊头外村桥,2026-07-20 00:00,4,32.72,7.23,7.78,194.32,28.1,7.55,0.017,0.109,1.69,,,2026-07-20 00:25:23
海南省,珠江流域,农垦橡胶所一队,2026-07-20 00:00,2,30.2,6.96,7.13,72.9,10.4,1.07,0.003,0.025,1.248,,,2026-07-20 00:25:23
海南省,珠江流域,水涯新区,2026-07-20 00:00,4,31.1,6.7,4.85,157,19,3.9,0.153,0.076,1.089,,,2026-07-20 00:25:23
海南省,珠江流域,分洪桥,2026-07-20 00:00,3,31.8,7.6,13.62,83.45,23.69,4.99,,0.038,0.508,,,2026-07-20 00:25:23
海南省,珠江流域,后山村,2026-07-20 00:00,5,32.52,6.7,2.91,149.309,28.8685,5.2,0.724,0.19,2.783,,,2026-07-20 00:25:23
海南省,珠江流域,罗带铁路桥,2026-07-20 00:00,3,30.2,7.9,6.78,51717.4,13.9,3.59,0.985,0.094,0.88,,,2026-07-20 00:25:23
海南省,珠江流域,山口,2026-07-20 00:00,2,32.04,7.05,6.78,109.95,16.28,3.22,0.002,0.027,0.657,,,2026-07-20 00:25:23
海南省,珠江流域,白仞滩电站,2026-07-20 00:00,4,31.8,7.35,4.29,162.2,15.1,3.47,0.047,0.125,1.765,,,2026-07-20 00:25:23
海南省,珠江流域,大风,2026-07-20 00:00,2,29.72807,7.05,6.59,108.2035,17.04893,2.24,0.001,0.034,0.9327447,,,2026-07-20 00:25:23
海南省,珠江流域,叉河口,2026-07-20 00:00,4,31,7.74,7.01,118.6,16.6,2.65,0.008,0.217,2.924,,,2026-07-20 00:25:23
海南省,珠江流域,乐中,2026-07-20 00:00,2,29.2,7.43,7.54,95,24,1.81,,0.038,0.702,,,2026-07-20 00:25:23
海南省,珠江流域,跨界桥,2026-07-20 00:00,2,29.2,7.03,7.21,103.9,23.4,2.79,,0.063,1.471,,,2026-07-20 00:25:23
海南省,珠江流域,群英大坝,2026-07-20 00:00,2,29.9,7.6,8.25,84.7,8,2.06,0.002,0.039,0.822,,,2026-07-20 00:25:23
海南省,珠江流域,大溪村,2026-07-20 00:00,2,30.4,7.04,6.83,309.7,13.9,3.32,0.114,0.068,1.47,,,2026-07-20 00:25:23
重庆市,长江流域,晒网坝,2026-07-20 00:00,2,26.72,7.87,6.58,340.5004,50.7388,1.5,,0.058,1.724,,,2026-07-20 00:25:23
重庆市,长江流域,向家,2026-07-20 00:00,3,25.63,7.47,7.36,182.926,220.874,5.15,0.01,0.14,2.177,,,2026-07-20 00:25:23
重庆市,长江流域,清溪场,2026-07-20 00:00,2,24.82,7.95,7.62,382.1812,185.3731,2.26,,0.091,1.859,,,2026-07-20 00:25:23
重庆市,长江流域,寸滩,2026-07-20 00:00,3,25.33,7.75,6.96,349.526,286.42,2.02,0.014,0.127,3.069,,,2026-07-20 00:25:23
重庆市,长江流域,和尚山,2026-07-20 00:00,2,25.7,7.75,6.17,335.99,257.09,3.84,0.212,0.075,5.433,,,2026-07-20 00:25:23
重庆市,长江流域,寨溪大桥,2026-07-20 00:00,2,29.43,7.93,7.44,793.6871,37.491,2.89,0.051,0.068,2.487,,,2026-07-20 00:25:23
重庆市,长江流域,石门坎,2026-07-20 00:00,2,24.26,8.2,8.31,408.96,36.83,1.94,,0.05,2.591,,,2026-07-20 00:25:23
重庆市,长江流域,御临镇,2026-07-20 00:00,6,33.17,9.14,25.69,251.622,8.467,6.26,,0.057,1.324,,,2026-07-20 00:25:23
重庆市,长江流域,支坪街道,2026-07-20 00:00,1,30.63,8.38,8.77,460.6942,24.0972,1.95,,0.017,1.691,,,2026-07-20 00:25:23
重庆市,长江流域,江津大桥,2026-07-20 00:00,4,25.41,7.93,6.51,356.62,487.89,3.72,,0.244,2.562,,,2026-07-20 00:25:23
重庆市,长江流域,朱杨溪,2026-07-20 00:00,3,32.31,7.76,6.1,581.04,27.28,4.12,,0.117,3.016,,,2026-07-20 00:25:23
重庆市,长江流域,北渡,2026-07-20 00:00,1,28.95,8.19,8.26,533.6624,17.114,0.79,,0.018,1.738,,,2026-07-20 00:25:23
重庆市,长江流域,太和,2026-07-20 00:00,2,32.67,8.12,8.13,391.14,13.6,2.1,,0.028,0.909,,,2026-07-20 00:25:23
重庆市,长江流域,官渡,2026-07-20 00:00,2,32.78,8.53,29.77,330.7733,15.45,3.39,,0.041,1.175,,,2026-07-20 00:25:23
重庆市,长江流域,渠江码头,2026-07-20 00:00,3,31.7,8.01,10.77,292.57,14.305,4.11,,0.041,1.308,,,2026-07-20 00:25:23
重庆市,长江流域,中和,2026-07-20 00:00,3,31.75,7.64,22.05,517.4,14.49,5.22,0.057,0.046,1.407,,,2026-07-20 00:25:23
重庆市,长江流域,鸭江镇,2026-07-20 00:00,2,25.16,8.16,8.68,473.228,15.375,1.49,,0.031,1.765,,,2026-07-20 00:25:23
重庆市,长江流域,江口镇,2026-07-20 00:00,2,23.374,8.19,8.38,315.594,7.979,0.58,,0.026,2.241,,,2026-07-20 00:25:23
重庆市,长江流域,土堡寨,2026-07-20 00:00,1,20.36,8.26,8.89,376.873,9.25,0.27,0.019,0.011,1.026,,,2026-07-20 00:25:23
重庆市,长江流域,水寨子,2026-07-20 00:00,1,23.16,8.21,8.18,249.247,8.589,0.92,,0.018,0.38,,,2026-07-20 00:25:23
重庆市,长江流域,湖海场,2026-07-20 00:00,5,25.31,7.46,7.49,195.43,197.275,10.57,0.101,0.241,2.002,,,2026-07-20 00:25:23
重庆市,长江流域,卫星桥,2026-07-20 00:00,4,28.33,7.91,7.94,267.1395,125.5613,7.21,,0.111,1.876,,,2026-07-20 00:25:23
重庆市,长江流域,高洞梁,2026-07-20 00:00,3,28.31,7.87,6.58,319.251,96.74,5.85,0.054,0.125,2.467,,,2026-07-20 00:25:23
重庆市,长江流域,苏家,2026-07-20 00:00,2,25.77,7.91,7.22,396.119,108.1598,1.85,,0.068,2.466,,,2026-07-20 00:25:23
重庆市,长江流域,小江河口,2026-07-20 00:00,6,29.52,9.02,23.01,398.32,6.66,2.4,0.022,0.03,1.2733,,,2026-07-20 00:25:23
重庆市,长江流域,汤溪河江口,2026-07-20 00:00,1,21.51,7.96,9.4,270.949,23.268,0.91,0.014,0.017,0.815,,,2026-07-20 00:25:23
重庆市,长江流域,罗汉大桥,2026-07-20 00:00,2,27.29,7.78,10.43,269.38,10.34,1.86,0.041,0.054,1.724,,,2026-07-20 00:25:23
重庆市,长江流域,白帝城,2026-07-20 00:00,2,25.64,8.04,7.42,376.312,27.322,1.03,,0.039,1.655,,,2026-07-20 00:25:23
重庆市,长江流域,红花村,2026-07-20 00:00,2,23.959,8.04,8.6,241.94,21.425,0.94,,0.027,1.215,,,2026-07-20 00:25:23
重庆市,长江流域,郁江桥,2026-07-20 00:00,2,23.34,7.77,7.85,247.989,157.622,2.05,,0.065,1.9,,,2026-07-20 00:25:23
四川省,长江流域,二江寺,2026-07-20 00:00,3,25.14,7.67,6.85,388.9,88,2.56,0.161,0.106,1.77,,,2026-07-20 00:25:23
四川省,长江流域,三邑大桥,2026-07-20 00:00,2,23.73,7.74,7.45,256.1884,118.1087,1.64,0.054,0.058,1.7082,,,2026-07-20 00:25:23
四川省,长江流域,李家湾,2026-07-20 00:00,3,31.65,7.7,7.18,450,27.2,1.66,0.042,0.147,1.643,,,2026-07-20 00:25:23
四川省,长江流域,湾凼,2026-07-20 00:00,5,29.37436,7.27,2.18,419.2803,14.87151,4.64,0.01,0.042,0.841204,,,2026-07-20 00:25:23
四川省,长江流域,手爬岩,2026-07-20 00:00,3,25.67,7.81,7.07,387.812,225.021,3.22,,0.154,2.4107,,,2026-07-20 00:25:23
四川省,长江流域,沱江大桥,2026-07-20 00:00,3,33.03,7.86,6.34,432.0786,32.73419,2.04,0.019,0.134,1.739492,,,2026-07-20 00:25:23
四川省,长江流域,醒觉溪,2026-07-20 00:00,2,28.06,8.29,7.78,414.1,4.02,1.36,0.017,0.034,4.051,,,2026-07-20 00:25:23
四川省,长江流域,胡市大桥,2026-07-20 00:00,3,32.44,7.82,6.06,475.3095,9.0029,4.67,0.038,0.105,1.9649,,,2026-07-20 00:25:23
四川省,长江流域,泸天化大桥,2026-07-20 00:00,2,31.68,7.91,7.82,400.66,6.9646,1.24,0.01,0.031,2.6664,,,2026-07-20 00:25:23
四川省,长江流域,纳溪大渡口,2026-07-20 00:00,3,24.18,7.78,7.23,360.61,185.792,2.76,,0.153,2.8417,,,2026-07-20 00:25:23
四川省,长江流域,两汇水,2026-07-20 00:00,2,29.09184,8.04,6.79,141.8996,3.573254,1.38,0.005,0.02,0.947,,,2026-07-20 00:25:23
四川省,长江流域,象山,2026-07-20 00:00,3,32.28,7.79,7.49,481.07,6,5.12,,0.177,0.603,,,2026-07-20 00:25:23
四川省,长江流域,双江桥,2026-07-20 00:00,4,25.66,8,6.87,468.28,191.52,2.31,,0.219,2.069,,,2026-07-20 00:25:23
四川省,长江流域,三川,2026-07-20 00:00,3,25.26,8,6.99,470.5,169.2,1.85,,0.182,2.33,,,2026-07-20 00:25:23
四川省,长江流域,西平镇,2026-07-20 00:00,2,29.12,8.03,7.91,515.32,24.27,1.22,,0.059,1.597,,,2026-07-20 00:25:23
四川省,长江流域,姚渡,2026-07-20 00:00,2,22.53559,8.16,7.5,325.9725,63.16446,2.34,0.04,0.006,2.472,,,2026-07-20 00:25:23
四川省,长江流域,清泉乡,2026-07-20 00:00,2,30.6,8.36,9.67,328.1,8.7354,2.35,,0.014,0.629,,,2026-07-20 00:25:23
四川省,长江流域,大安,2026-07-20 00:00,4,31.86,8.13,13.95,430.101,14.9,6.14,,0.09,1.0103,,,2026-07-20 00:25:23
四川省,长江流域,梓江大桥,2026-07-20 00:00,2,29.45,8.08,7.32,425.6,13,2.87,0.007,0.035,0.78,,,2026-07-20 00:25:23
四川省,长江流域,大埂,2026-07-20 00:00,2,33.46,7.93,6.46,449.4,4.87,3.27,0.197,0.068,0.476818,,,2026-07-20 00:25:23
四川省,长江流域,金溪电站,2026-07-20 00:00,1,31.19,8.37,10.59,416.107,9.8952,1.82,0.019,0.015,1.153,,,2026-07-20 00:25:23
四川省,长江流域,升钟水库铁炉寺,2026-07-20 00:00,2,31.46,8.52,11.19,388.47,2.86,3.12,,0.01,0.516,,,2026-07-20 00:25:23
四川省,长江流域,越溪河两河口,2026-07-20 00:00,3,32.06,8.3,8.85,559.3,9.1,4.07,,0.057,0.638,,,2026-07-20 00:25:23
四川省,长江流域,月波,2026-07-20 00:00,2,21.99,7.47,8.12,249,398.5,3.89,0.359,0.1,3.976,,,2026-07-20 00:25:23
四川省,长江流域,三块石,2026-07-20 00:00,1,22.99,8.09,7.76,488.56,9.62,0.78,0.011,0.016,0.773,,,2026-07-20 00:25:23
四川省,长江流域,洛亥,2026-07-20 00:00,3,20.85,8.11,8.13,317.3921,22.98236,1.3,0.178,0.108,3.252,,,2026-07-20 00:25:23
四川省,长江流域,幺滩,2026-07-20 00:00,2,32.55,8.4,7.82,464.24,23.65,2.36,,0.053,1.032,,,2026-07-20 00:25:23
四川省,长江流域,团堡岭,2026-07-20 00:00,2,32.46,8.54,10.74,316.45,4.103,2.98,,0.024,0.938,,,2026-07-20 00:25:23
四川省,长江流域,大蹬沟,2026-07-20 00:00,2,30.26,7.73,7.2,294,12.8,3,0.016,0.034,1.062,,,2026-07-20 00:25:23
四川省,长江流域,白兔乡,2026-07-20 00:00,3,33.7,8.45,23.08,332.1,13.28,5.57,,0.035,0.666,,,2026-07-20 00:25:23
四川省,长江流域,联盟桥,2026-07-20 00:00,4,31.32,7.46,4.59,325.54,11.15,4.46,,0.112,1.017,,,2026-07-20 00:25:23
四川省,长江流域,舵石盘,2026-07-20 00:00,2,29.79,7.95,7.76,340.3,1.9,2.98,0.049,0.057,1.331,,,2026-07-20 00:25:23
四川省,长江流域,车家河,2026-07-20 00:00,2,31.44,8.54,19.37,301.6,6.65,2.94,,0.044,0.903,,,2026-07-20 00:25:23
四川省,长江流域,手傍岩,2026-07-20 00:00,2,31.82,8.14,11.05,395.4,17.1,2.92,,0.036,1.483,,,2026-07-20 00:25:23
四川省,长江流域,拱城铺渡口,2026-07-20 00:00,3,27.67,7.74,7.54,336.86,75.91,1.83,,0.132,1.878,,,2026-07-20 00:25:23
四川省,长江流域,竹巴龙村,2026-07-20 00:00,6,14.03,8.17,7.38,1080.1,1230.6,9.17,1.567,0.6,6.502,,,2026-07-20 00:25:23
四川省,长江流域,昔街大桥,2026-07-20 00:00,2,22.7,7.58,7.11,244.97,200.56,2.2,0.11,0.096,2.501,,,2026-07-20 00:25:23
贵州省,长江流域,棉花渡,2026-07-20 00:00,2,22.519,7.67,9,421.59,1.2618,1.41,0.014,0.044,1.9609,,,2026-07-20 00:25:23
贵州省,长江流域,贵铝泵房,2026-07-20 00:00,2,27.3264,8.89,11.76,342.8271,11.5214,2.72,0.075,0.024,2.3571,0.02535,1952984,2026-07-20 00:25:23
贵州省,长江流域,麦穰,2026-07-20 00:00,3,23.5,7.89,6.25,606.97,6.29,2.16,0.085,0.175,4.667,,,2026-07-20 00:25:23
贵州省,珠江流域,青岩,2026-07-20 00:00,3,24.12,7.95,5.77,486.2434,7.3769,2.02,0.001,0.061,3.4143,,,2026-07-20 00:25:23
贵州省,长江流域,龙场,2026-07-20 00:00,2,20.65,7.98,7.27,409.2,6.1,0.73,,0.016,4.656,,,2026-07-20 00:25:23
贵州省,珠江流域,发耳,2026-07-20 00:00,2,21.94,8.06,7.2,284.413,19.375,1.1,,0.084,4.245,,,2026-07-20 00:25:23
贵州省,长江流域,打秋坪,2026-07-20 00:00,2,25.14,7.94,7.51,513.7,7.2,1.36,0.185,0.082,3.794,,,2026-07-20 00:25:23
贵州省,长江流域,鱼塘大桥,2026-07-20 00:00,1,23.48,7.98,7.79,315.55,6.802,0.75,,0.009,1.68,,,2026-07-20 00:25:23
贵州省,长江流域,坡渡,2026-07-20 00:00,2,23.95,8.04,6.12,313.34,12.22,0.61,0.014,0.008,0.748,,,2026-07-20 00:25:23
贵州省,长江流域,余庆河暗溪坪,2026-07-20 00:00,2,24.31,7.69,9.41,302.1,4.33,0.77,0.001,0.044,1.727,,,2026-07-20 00:25:23
贵州省,长江流域,羊柱头渡口,2026-07-20 00:00,3,25.43,7.59,5.04,673.3,10.616,2.77,0.669,0.169,5.803,,,2026-07-20 00:25:23
贵州省,长江流域,茅台,2026-07-20 00:00,2,25.25,8.29,7.67,404.49,33.71,0.64,,0.039,4.416,,,2026-07-20 00:25:23
贵州省,珠江流域,黄果树,2026-07-20 00:00,1,24.1843,8.21,8.3,589,23,0.89,,0.015,4.166,,,2026-07-20 00:25:23
贵州省,长江流域,斯拉河大桥,2026-07-20 00:00,2,24.86,8.63,10.46,390.99,3.57,1.71,,0.03,5.585,,,2026-07-20 00:25:23
贵州省,珠江流域,坝草,2026-07-20 00:00,1,28.2198,8.42,12.77,336.51,8.4435,1.54,0.009,0.011,3.2956,,,2026-07-20 00:25:23
贵州省,珠江流域,万峰湖,2026-07-20 00:00,1,27.5247,8.51,9.02,365.7429,9.7633,0.6,0.003,0.01,2.304,0.0308,498429,2026-07-20 00:25:23
贵州省,珠江流域,岔河口,2026-07-20 00:00,2,27.6364,8.54,11.62,274.7845,5.005,2.22,0.014,0.024,2.9771,,,2026-07-20 00:25:23
贵州省,珠江流域,蔗香北,2026-07-20 00:00,1,27.92,7.96,11.08,287.9816,6.7243,1.67,0.003,0.012,2.0026,,,2026-07-20 00:25:23
贵州省,珠江流域,黄泥河,2026-07-20 00:00,2,19.1968,8.17,7.97,386.1438,37.9946,1.13,,0.042,4.3347,,,2026-07-20 00:25:23
贵州省,珠江流域,赵家渡,2026-07-20 00:00,2,22.23,8.03,8.08,400.631,24.27,0.95,0.04,0.036,4.814,,,2026-07-20 00:25:23
贵州省,珠江流域,坡脚,2026-07-20 00:00,2,23.26,7.85,6.6,404.3257,15.42,1.1,0.008,0.018,3.9947,,,2026-07-20 00:25:23
贵州省,珠江流域,蔗香南,2026-07-20 00:00,1,29.15,8.39,9.21,304.9,4.24,1.42,,0.01,2.0163,,,2026-07-20 00:25:23
贵州省,长江流域,平敏大桥,2026-07-20 00:00,2,23.71,7.16,7.67,102.4,54.34,2.26,,0.06,1.153,,,2026-07-20 00:25:23
贵州省,珠江流域,榕江,2026-07-20 00:00,3,26.14,7.59,8.01,111.28,565.12,4.26,,0.173,1.422,,,2026-07-20 00:25:23
贵州省,长江流域,甘溪高碑,2026-07-20 00:00,2,24.47,7.88,7.66,345.3,12.29,0.84,0.017,0.025,1.1438,,,2026-07-20 00:25:23
贵州省,长江流域,跳鱼洞,2026-07-20 00:00,3,24.75,8.16,7.57,391.47,11.58,2.38,0.19,0.104,2.551,,,2026-07-20 00:25:23
贵州省,长江流域,凤山桥边,2026-07-20 00:00,3,24.6802,8.25,7.45,619.22,5.1773,1.53,0.329,0.151,3.846,,,2026-07-20 00:25:23
贵州省,珠江流域,边外河,2026-07-20 00:00,1,22.61,8.02,8.42,319.42,3.79,1.47,0.006,0.012,2.181,,,2026-07-20 00:25:23
贵州省,珠江流域,甲茶,2026-07-20 00:00,1,23.3918,7.92,7.55,317.9122,4.092,0.8,0.01,0.01,1.1816,,,2026-07-20 00:25:23
云南省,长江流域,通仙桥,2026-07-20 00:00,6,21.38,7.77,5.62,495.642,188.006,5.41,0.079,0.724,8.753,,,2026-07-20 00:25:23
云南省,长江流域,普渡河桥,2026-07-20 00:00,4,23.41,8.08,7.09,470.9481,176.5836,5.67,0.125,0.243,3.5431,,,2026-07-20 00:25:23
云南省,珠江流域,禄丰村,2026-07-20 00:00,5,23.36,8.1,7.41,451.9174,388.83,6.82,,0.364,7.479,,,2026-07-20 00:25:23
云南省,滇池流域,回龙村,2026-07-20 00:00,4,22.67,7.66,4.25,504.8314,12.0483,2.69,0.374,0.136,4.279,,,2026-07-20 00:25:23
云南省,滇池流域,船房五社桥头,2026-07-20 00:00,4,23.33,7.01,4.68,483.6378,12.1631,3.47,0.794,0.133,3.8744,,,2026-07-20 00:25:23
云南省,滇池流域,王大桥,2026-07-20 00:00,3,21.8,7.12,5.26,552.9651,9.6366,2.72,0.027,0.168,3.8924,,,2026-07-20 00:25:23
云南省,滇池流域,大观河入湖口,2026-07-20 00:00,6,22.8,7.2,0.38,455.8399,9.2718,2.9,2.392,0.248,6.1473,,,2026-07-20 00:25:23
云南省,滇池流域,大渔乡土罗村入湖口,2026-07-20 00:00,4,22.72,7.58,4.42,453.9642,43.1603,2.9,0.01,0.085,5.596,,,2026-07-20 00:25:23
云南省,滇池流域,新河村入湖口,2026-07-20 00:00,6,21.67,7.27,0.68,534.4,5.56,2.74,1.472,0.162,2.9692,,,2026-07-20 00:25:23
云南省,珠江流域,阳宗海中,2026-07-20 00:00,3,25.68,,8.66,423.659,1.982,4.66,0.038,0.016,0.745,0.00745,1205060,2026-07-20 00:25:23
云南省,滇池流域,严家村桥,2026-07-20 00:00,6,22.12333,7.39,1.1,465.953,66.58797,2.46,1.574,0.232,6.101731,,,2026-07-20 00:25:23
云南省,滇池流域,宝丰村入湖口,2026-07-20 00:00,3,20.78,8.01,5.56,533.24,78.17,3.27,0.245,0.151,3.956,,,2026-07-20 00:25:23
云南省,滇池流域,江尾下闸,2026-07-20 00:00,4,21.96,7.75,4.63,449.5911,26.6821,1.2,0.051,0.079,3.338,,,2026-07-20 00:25:23
云南省,滇池流域,茨巷河入湖口,2026-07-20 00:00,5,21.57,7.83,5.48,488.477,54.1206,4.78,0.093,0.36,11.632,,,2026-07-20 00:25:23
云南省,滇池流域,东大河滇池入湖口,2026-07-20 00:00,4,23,7.75,4.98,340.2856,39.2857,5.32,0.102,0.202,5.664,,,2026-07-20 00:25:23
云南省,滇池流域,草海中心,2026-07-20 00:00,4,24.85,8.36,7.34,355.28,23.22,6.26,0.127,0.064,3.067,0.02236,6.85779,2026-07-20 00:25:23
云南省,滇池流域,灰湾中,2026-07-20 00:00,5,24.62,,6.67,387.761,87.147,10.12,0.063,0.086,1.628,0.04455,6.127673,2026-07-20 00:25:23
云南省,滇池流域,观音山中,2026-07-20 00:00,4,23.98,,7.29,336.389,29.169,8.26,,0.062,1.229,0.00701,1.87994,2026-07-20 00:25:23
云南省,滇池流域,观音山西,2026-07-20 00:00,4,24.7,,9.21,410.77,51.66,7.06,0.007,0.065,0.763,0.00787,1.17955,2026-07-20 00:25:23
云南省,滇池流域,海口西,2026-07-20 00:00,3,24.31,,9.06,416.51,67.88,4.58,,0.043,0.495,0.01284,6.45279,2026-07-20 00:25:23
云南省,滇池流域,滇池南,2026-07-20 00:00,4,23.54,,7.85,431.45,76.98,7.6,,0.043,0.741,0.03939,1.756947,2026-07-20 00:25:23
云南省,滇池流域,晋城小寨,2026-07-20 00:00,4,19.81,7.93,6.41,489.2565,425.2294,4.91,0.068,0.22,15.872,,,2026-07-20 00:25:23
云南省,长江流域,牛栏江河口,2026-07-20 00:00,6,21.8,7.7,4.54,476.697,91.373,4.25,0.16,0.605,7.683,,,2026-07-20 00:25:23
云南省,珠江流域,花山水库出水口,2026-07-20 00:00,1,24.4,8.52,8.18,329.7679,3.165,1.27,,0.008,2.1761,,,2026-07-20 00:25:23
云南省,长江流域,以礼河水文站,2026-07-20 00:00,4,18.96,7.6,3.89,340.3058,63.0248,3.08,0.305,0.094,6.4566,,,2026-07-20 00:25:23
云南省,珠江流域,厂房大桥,2026-07-20 00:00,3,20.71,8.23,7.96,368.8313,47.25,2.43,0.069,0.172,4.378,,,2026-07-20 00:25:23
云南省,珠江流域,抚仙湖心,2026-07-20 00:00,1,24.04,8.87,7.8,295.71,2.248,,,0.01,0.12,0.00489,8802227,2026-07-20 00:25:23
云南省,珠江流域,杞麓湖心,2026-07-20 00:00,4,24.29,8.94,4.54,709.95,10.03,6.26,0.097,0.032,1.461,0.04386,7357045,2026-07-20 00:25:23
云南省,珠江流域,星云湖心,2026-07-20 00:00,4,24.66,,6.93,507.339,13.12,7.08,,0.016,0.899,0.00568,6.86825,2026-07-20 00:25:23
云南省,西南诸河,红旗桥,2026-07-20 00:00,1,20.48277,8.16,9.11,275.082,830.6311,1.16,,0.009,0.4639356,,,2026-07-20 00:25:23
云南省,长江流域,云贵桥,2026-07-20 00:00,2,17.88,8.27,8.13,379.824,36.748,0.44,0.036,0.037,4.1,,,2026-07-20 00:25:23
云南省,长江流域,江底桥,2026-07-20 00:00,2,21.83,8.27,6.6,366.6111,8.1388,1.23,,0.033,3.776,,,2026-07-20 00:25:23
云南省,长江流域,头屯河,2026-07-20 00:00,2,17.86,8.12,7.68,386.953,13.25,0.77,0.032,0.035,4.799,,,2026-07-20 00:25:23
云南省,长江流域,邓家河,2026-07-20 00:00,6,22.44,7.97,7.76,262.314,114.794,0.56,0.199,0.479,3.304,,,2026-07-20 00:25:23
云南省,西南诸河,土卡河水文站,2026-07-20 00:00,2,26.2015,7.87,6.84,219.115,47.40626,1.26,,0.027,0.9712518,,,2026-07-20 00:25:23
云南省,西南诸河,那发出境,2026-07-20 00:00,2,25.51,7.97,8.28,139.3386,252.82,0.89,,0.1,1.1274,,,2026-07-20 00:25:23
云南省,西南诸河,中越桥,2026-07-20 00:00,6,24.35,8,8.04,290.9868,2547.477,11.28,,0.592,2.6382,,,2026-07-20 00:25:23
云南省,西南诸河,龙脖渡口,2026-07-20 00:00,3,27.34,7.73,6.81,259.2855,167.0327,5.02,,0.137,1.9412,,,2026-07-20 00:25:23
云南省,西南诸河,河口县医院,2026-07-20 00:00,4,26.1696,7.52,7.43,187.4584,318.2287,7.42,,0.294,1.392541,,,2026-07-20 00:25:23
云南省,西南诸河,小河底河,2026-07-20 00:00,3,25.73,7.99,8.1,431.3385,2590.042,5.65,,0.173,1.1502,,,2026-07-20 00:25:23
云南省,珠江流域,异龙湖中,2026-07-20 00:00,4,26.13,8.64,7.03,450.26,2.686,7.28,,0.014,0.394,0.04207,305824,2026-07-20 00:25:23
云南省,珠江流域,长虹桥,2026-07-20 00:00,6,23.48,7.92,7.36,464.1304,2324.112,7.47,,0.407,6.1828,,,2026-07-20 00:25:23
云南省,西南诸河,天保农场,2026-07-20 00:00,2,23.93,8.27,8.77,307,132.8,2.68,,0.1,3.4422,,,2026-07-20 00:25:23
云南省,西南诸河,洱海湖心,2026-07-20 00:00,3,23.93,8.42,5.36,297.39,6.25,4.52,0.002,0.024,0.476,0.01582,6.78277,2026-07-20 00:25:23
陕西省,黄河流域,灞河口,2026-07-20 00:00,3,28.55,8.04,7.32,248.8179,120.0073,4.41,,0.103,4.8385,,,2026-07-20 00:25:23
陕西省,黄河流域,三郎村,2026-07-20 00:00,4,27.85,7.35,5.99,312.798,306.435,7.08,0.392,0.229,4.4988,,,2026-07-20 00:25:23
陕西省,黄河流域,岔口,2026-07-20 00:00,3,24.38,7.73,7.78,1059.073,44.861,3.99,0.172,0.122,6.1391,,,2026-07-20 00:25:23
陕西省,长江流域,黄牛铺,2026-07-20 00:00,3,24.05,7.93,5.23,231.2154,5.2097,1.67,0.01,0.012,0.433,,,2026-07-20 00:25:23
陕西省,黄河流域,魏家堡,2026-07-20 00:00,3,27.89,7.93,5.62,976.9985,165.5412,3.46,0.034,0.114,7.507,,,2026-07-20 00:25:23
陕西省,黄河流域,卧龙寺桥,2026-07-20 00:00,3,28.32,7.92,6.4,917.4092,1058.206,4.08,0.122,0.115,6.37,,,2026-07-20 00:25:23
陕西省,长江流域,灶火庵,2026-07-20 00:00,2,23.78,8.11,6.11,371.6451,27.6059,1.41,,0.026,1.5681,,,2026-07-20 00:25:23
陕西省,黄河流域,黑河张家桥,2026-07-20 00:00,3,26.09,8.33,5.38,783.9109,76.3874,3,0.034,0.081,1.0235,,,2026-07-20 00:25:23
陕西省,黄河流域,昝家山,2026-07-20 00:00,3,26.28,8.37,7.54,558.956,202.438,4.38,,0.188,3.5261,,,2026-07-20 00:25:23
陕西省,黄河流域,寺滩,2026-07-20 00:00,4,26.13,8.58,7.24,599.092,1210.214,3.62,,0.235,4.9141,,,2026-07-20 00:25:23
陕西省,黄河流域,朱家沟,2026-07-20 00:00,4,26.04,8.2,5.68,867.1,,4.12,0.614,0.212,4.8281,,,2026-07-20 00:25:23
陕西省,长江流域,烈金坝,2026-07-20 00:00,2,23.23,8.04,7.56,330.81,6.585,0.56,,0.029,1.0332,,,2026-07-20 00:25:23
陕西省,长江流域,白水江,2026-07-20 00:00,2,26.68,8.15,6.59,319.7812,16.289,1.07,,0.02,0.7427,,,2026-07-20 00:25:23
陕西省,黄河流域,温家川,2026-07-20 00:00,2,25.8,8.53,6.24,1259.157,68.1873,3.92,0.0003,0.067,2.7011,,,2026-07-20 00:25:23
陕西省,黄河流域,高家川,2026-07-20 00:00,2,24.74,8.38,7.36,767.719,230.6275,1.77,,0.079,2.9591,,,2026-07-20 00:25:23
陕西省,长江流域,小钢桥,2026-07-20 00:00,2,29.82,8.24,7.66,244.48,7.17,2.9,0.012,0.025,1.052,,,2026-07-20 00:25:23
陕西省,长江流域,老君关,2026-07-20 00:00,2,26.96,7.77,6.15,258.5381,22.1044,2.21,,0.034,1.368,,,2026-07-20 00:25:23
陕西省,长江流域,构峪口,2026-07-20 00:00,1,21.59,8.13,8.51,394.6896,10.1633,1.38,0.024,0.012,1.088,,,2026-07-20 00:25:23
陕西省,黄河流域,灵口,2026-07-20 00:00,2,25.76,7.77,7.11,514.8279,46.8162,2.76,,0.047,2.1191,,,2026-07-20 00:25:23
甘肃省,黄河流域,新城桥,2026-07-20 00:00,2,17.11,8.06,7.4,610.467,770.482,2.25,0.029,0.097,1.5917,,,2026-07-20 00:25:23
甘肃省,黄河流域,湟水桥,2026-07-20 00:00,3,21.2,8.14,7.22,1054.06,588.452,1.92,0.082,0.12,3.445,,,2026-07-20 00:25:23
甘肃省,黄河流域,五佛寺,2026-07-20 00:00,2,19.62373,8.24,7.04,630.0583,407.9502,2.86,0.257,0.05,3.283,,,2026-07-20 00:25:23
甘肃省,黄河流域,桦林,2026-07-20 00:00,3,23.1,8.29,6.89,869,856.7,3.65,,0.166,6.339,,,2026-07-20 00:25:23
甘肃省,长江流域,固水子村,2026-07-20 00:00,2,20.51,8.32,7.65,364.5,188,1.32,,0.066,1.154,,,2026-07-20 00:25:23
宁夏回族自治区,黄河流域,平罗黄河大桥,2026-07-20 00:00,3,22.9,8.19,6.6,929.46,4040.32,2.23,,0.147,3.153,,,2026-07-20 00:25:23
宁夏回族自治区,黄河流域,麻黄沟,2026-07-20 00:00,2,23.45,8.09,6.62,919.352,1259.195,2.59,,0.061,2.7312,,,2026-07-20 00:25:23
宁夏回族自治区,黄河流域,沙湖,2026-07-20 00:00,3,23.16,8.44,8.02,1288,47.44,,0.038,0.032,1.698,0.01557,5.8963,2026-07-20 00:25:23
宁夏回族自治区,黄河流域,中卫下河沿,2026-07-20 00:00,2,20.6,8.08,6.89,667.4,2659,2.24,0.003,0.052,2.587,,,2026-07-20 00:25:23
