省份,流域,断面名称,监测时间,水质类别,水温(℃),pH(无量纲),溶解氧(mg/L),电导率(μS/cm),浊度(NTU),高锰酸盐指数(mg/L),氨氮(mg/L),总磷(mg/L),总氮(mg/L),叶绿素α(mg/L),藻密度(cells/L),抓取时间
北京市,海河流域,广北滨河路,2026-09-02 00:00,2,25.22,7.84,7.1,439.73,15.25,2.05,0.012,0.024,3.094,,,2026-09-02 00:25:52
北京市,海河流域,新八里桥,2026-09-02 00:00,4,26.14,7.53,4.44,741.934,2.559,3.53,0.025,0.135,5.91,,,2026-09-02 00:25:52
北京市,海河流域,大红门闸上,2026-09-02 00:00,2,23.78,7.64,7.32,971.6,21.268,,0.022,0.073,8.594,,,2026-09-02 00:25:52
北京市,海河流域,南大荒桥,2026-09-02 00:00,2,25.54,8.59,9.64,818.8,24.19,2.91,0.004,0.022,1.877,,,2026-09-02 00:25:52
北京市,海河流域,清河闸,2026-09-02 00:00,2,22.68,7.77,6.99,846.14,12.029,3.09,,0.08,7.249,,,2026-09-02 00:25:52
北京市,海河流域,花园路,2026-09-02 00:00,2,21.91,7.63,6.74,745.778,8.571,2.33,0.032,0.05,6.944,,,2026-09-02 00:25:52
北京市,海河流域,白石桥,2026-09-02 00:00,2,23.68,7.86,8.23,451.97,4.401,2.78,,0.015,3.727,,,2026-09-02 00:25:52
北京市,海河流域,八间房漫水桥,2026-09-02 00:00,2,25.6,7.75,6.17,934.1,9.39,2.1,0.045,0.09,4.349,,,2026-09-02 00:25:52
北京市,海河流域,码头,2026-09-02 00:00,2,25.37,7.5,8.74,1025.91,23.47,2.51,0.084,0.074,6.908,,,2026-09-02 00:25:52
北京市,海河流域,罗庄,2026-09-02 00:00,3,27.02,7.92,6.06,1033.441,13.11485,3.42,,0.139,6.1471,,,2026-09-02 00:25:52
北京市,海河流域,小屯桥,2026-09-02 00:00,3,27.23,8.25,9.07,1118.049,7.450038,3.4,,0.127,5.7391,,,2026-09-02 00:25:52
北京市,海河流域,东店,2026-09-02 00:00,2,22.80087,7.77,9.27,734.831,55.03066,2.07,0.035,0.086,13.34335,,,2026-09-02 00:25:52
北京市,海河流域,密云水库,2026-09-02 00:00,2,26.73402,8.07,8.66,410.1752,1.892519,2.11,0.012,0.008,3.409525,,,2026-09-02 00:25:52
北京市,海河流域,大关桥,2026-09-02 00:00,2,26.77,8.24,9.74,423.67,18.13,2.42,0.035,0.027,3.9011,,,2026-09-02 00:25:52
北京市,海河流域,谷家营,2026-09-02 00:00,2,25.83,8.47,26.89,524.412,6.862,2.85,0.048,0.037,2.332,,,2026-09-02 00:25:52
天津市,海河流域,北洋桥,2026-09-02 00:00,3,27.16895,7.71,6.39,1014.528,51.74745,3.48,0.305,0.138,1.820493,,,2026-09-02 00:25:52
天津市,海河流域,大红桥,2026-09-02 00:00,6,27.57,7.66,1.28,1530.341,35.16908,4.71,0.2,0.09,2.3461,,,2026-09-02 00:25:52
天津市,海河流域,曹庄子泵站,2026-09-02 00:00,2,27.8,7.77,6.69,262.74,10.5,1.38,0.05,0.004,0.922,,,2026-09-02 00:25:52
天津市,海河流域,生产圈闸,2026-09-02 00:00,4,26.0908,7.56,4.2,1133.974,14.27998,4.68,0.35,0.099,1.813685,,,2026-09-02 00:25:52
天津市,海河流域,海河大闸,2026-09-02 00:00,3,26.93,7.94,5.65,3280.99,14.378,4.89,0.088,0.169,2.2084,,,2026-09-02 00:25:52
天津市,海河流域,北排水河防潮闸,2026-09-02 00:00,6,19.44,7.48,0.44,1606.1,32.3997,4.1,0.53,0.124,1.9399,,,2026-09-02 00:25:52
天津市,海河流域,沧浪渠出境,2026-09-02 00:00,6,26.62,7.57,0.76,3734.6,444.104,7.2,1.049,0.254,3.4035,,,2026-09-02 00:25:52
天津市,海河流域,蓟运河防潮闸,2026-09-02 00:00,3,28.28044,7.81,5.7,1267.704,18.30844,4.67,0.003,0.136,2.139652,,,2026-09-02 00:25:52
天津市,海河流域,青静黄防潮闸,2026-09-02 00:00,4,27.5464,8.78,12.98,4937.193,30.55254,9.35,0.097,0.17,1.062831,,,2026-09-02 00:25:52
天津市,海河流域,马棚口防潮闸,2026-09-02 00:00,4,26.05,7.45,4,1567.9,66.0531,7.98,0.383,0.223,2.93,,,2026-09-02 00:25:52
天津市,海河流域,阎辛庄,2026-09-02 00:00,6,19.32425,7.19,0.66,1701.448,29.72341,6.55,0.491,0.245,2.990476,,,2026-09-02 00:25:52
天津市,海河流域,于桥水库库中心,2026-09-02 00:00,4,26.64,8.26,5.96,374.76,8.82,6.02,0.153,0.037,1.918,0.02163,2.599985,2026-09-02 00:25:52
天津市,海河流域,黎河桥,2026-09-02 00:00,3,24.166,7.65,9.46,755.9,11.9,2.13,0.108,0.153,10.072,,,2026-09-02 00:25:52
河北省,海河流域,地都,2026-09-02 00:00,3,21.99,7.97,5.52,994.373,29.261,2.26,0.641,0.097,5.917,,,2026-09-02 00:25:52
河北省,海河流域,平山桥,2026-09-02 00:00,2,23.99,7.96,8.01,1142.42,90.111,2.04,,0.067,5.169,,,2026-09-02 00:25:52
河北省,海河流域,兆通,2026-09-02 00:00,1,27.68,8.51,8.73,284.82,4.93,1.68,0.011,0.008,0.7697,,,2026-09-02 00:25:52
河北省,海河流域,大石桥,2026-09-02 00:00,3,26.61133,7.71,6.96,1155.635,35.29845,4.98,0.144,0.169,9.8533,,,2026-09-02 00:25:52
河北省,海河流域,涧河口,2026-09-02 00:00,3,27.05657,8.51,10.45,1550.878,18.4854,5.68,0.087,0.095,1.478793,,,2026-09-02 00:25:52
河北省,海河流域,丰北闸,2026-09-02 00:00,4,29.50143,8.81,12.96,867.63,14.77118,8.13,,0.267,1.025835,,,2026-09-02 00:25:52
河北省,海河流域,刘家庄,2026-09-02 00:00,2,21.54,8.26,7.72,551.815,87.74,2.04,0.06,0.062,2.776,,,2026-09-02 00:25:52
河北省,海河流域,艾辛庄,2026-09-02 00:00,3,26.09265,7.98,9.58,1029.263,24.48704,5.53,0.016,0.155,8.111873,,,2026-09-02 00:25:52
河北省,海河流域,白合,2026-09-02 00:00,5,22.44,8.22,8.6,482.71,1862.37,5.13,,0.367,5.377,,,2026-09-02 00:25:52
河北省,海河流域,四道甸,2026-09-02 00:00,2,20.45,8.43,8.16,444.655,24.27339,1.56,0.011,0.023,6.8371,,,2026-09-02 00:25:52
河北省,辽河流域,甸子,2026-09-02 00:00,2,17.58,7.84,6.05,440.88,24.53,2.06,0.029,0.039,6.821,,,2026-09-02 00:25:52
河北省,海河流域,何老营,2026-09-02 00:00,4,25.20851,7.89,3.53,3824.389,11.74728,7.54,,0.299,0.984871,,,2026-09-02 00:25:52
河北省,海河流域,大口河口,2026-09-02 00:00,3,25.19,7.86,5.66,11972.71,272.62,4.53,0.299,0.168,4.534,,,2026-09-02 00:25:52
河北省,海河流域,台头,2026-09-02 00:00,3,26.98995,8.31,9.44,1009.916,22.39079,4.01,0.133,0.07,1.2651,,,2026-09-02 00:25:52
河北省,海河流域,南张村,2026-09-02 00:00,1,28.66,8.47,9.13,252.18,10.798,2,0.007,0.009,0.7324,,,2026-09-02 00:25:52
河北省,海河流域,烧车淀,2026-09-02 00:00,2,31.39,8.07,7.45,491.58,,2.15,,0.007,2.755,0.00156,,2026-09-02 00:25:52
河北省,海河流域,圈头,2026-09-02 00:00,3,27.48,8.67,9.07,,1.176,4.19,,0.023,0.466,0.00308,2714406,2026-09-02 00:25:52
河北省,海河流域,采蒲台,2026-09-02 00:00,2,26.80943,8.09,9.72,688.1818,1.404942,3.53,,0.025,0.333666,0.002605,532925.6,2026-09-02 00:25:52
河北省,海河流域,光淀张庄,2026-09-02 00:00,3,27.45,,5.87,,4.43,2.45,,0.024,1.84,0.00128,295968.2,2026-09-02 00:25:52
山西省,黄河流域,韩武村,2026-09-02 00:00,3,25.83,7.75,5.16,1045.51,38.3,3.95,0.649,0.198,7.232,,,2026-09-02 00:25:52
山西省,黄河流域,汾河水库出口,2026-09-02 00:00,2,24.8,8.22,6.64,648.676,31.53686,1.76,0.013,,1.2821,0.010514,297057,2026-09-02 00:25:52
山西省,海河流域,册田水库出口,2026-09-02 00:00,3,23.14,8.37,6.81,1107.838,19.4759,4.48,0.148,0.087,0.8951,,,2026-09-02 00:25:52
山西省,海河流域,古家坡,2026-09-02 00:00,4,22.91,7.75,4.5,877.423,75.22322,4.51,0.016,0.116,1.8671,,,2026-09-02 00:25:52
山西省,海河流域,司徒桥,2026-09-02 00:00,4,24.35,7.93,4.75,557.0021,26.4403,4.08,,0.061,1.45,,,2026-09-02 00:25:52
山西省,海河流域,关河水库出口,2026-09-02 00:00,5,22.06,7.69,2,458.13,15.362,4.2,0.145,0.041,1.3104,,,2026-09-02 00:25:52
山西省,黄河流域,拴驴泉,2026-09-02 00:00,1,24.28,8.12,8.38,759.2993,18.2967,1.99,,0.019,3.9237,,,2026-09-02 00:25:52
山西省,海河流域,东榆林水库出口,2026-09-02 00:00,2,21.83,8.55,16.1,680.451,14.2185,3.45,0.449,0.062,2.7261,,,2026-09-02 00:25:52
山西省,黄河流域,杀虎口,2026-09-02 00:00,3,19.02,8.17,7.39,575.594,76.69817,5.28,0.017,0.064,1.3461,,,2026-09-02 00:25:52
山西省,黄河流域,张留庄,2026-09-02 00:00,5,27.34,8.87,13.45,4619.57,66.195,10.15,0.028,0.219,9.252,,,2026-09-02 00:25:52
山西省,黄河流域,上亳城,2026-09-02 00:00,2,24.6,7.92,6.92,884.567,36.326,1.63,0.01,0.036,4.9799,,,2026-09-02 00:25:52
山西省,海河流域,代县桥,2026-09-02 00:00,3,19.91,8.6,8.21,554.003,652.9763,3.66,0.002,0.156,3.7891,,,2026-09-02 00:25:52
山西省,黄河流域,河西村,2026-09-02 00:00,2,18.62,8.41,7.63,533.4,171.31,2.65,0.009,0.068,4.088,,,2026-09-02 00:25:52
山西省,黄河流域,上平望,2026-09-02 00:00,4,25.14,7.61,4.54,1013.69,379.94,7.66,1.029,0.119,7.43,,,2026-09-02 00:25:52
山西省,黄河流域,黑城村,2026-09-02 00:00,3,23.86,8.04,7.92,788.2169,230.3165,2.43,0.066,0.109,5.174,,,2026-09-02 00:25:52
内蒙古自治区,松花江流域,根河口内,2026-09-02 00:00,4,14.3,7,8.27,95.17,29.03,7.13,,0.036,0.303,,,2026-09-02 00:25:52
内蒙古自治区,松花江流域,嵯岗,2026-09-02 00:00,4,17.8,7.87,8.35,248.557,54.704,9.68,,0.099,0.628,,,2026-09-02 00:25:52
内蒙古自治区,松花江流域,成吉思汗,2026-09-02 00:00,2,17.12,7.07,8.93,134.47,36.07,3.64,0.011,0.042,1.384,,,2026-09-02 00:25:52
内蒙古自治区,松花江流域,大山矿,2026-09-02 00:00,3,12.94,7.95,9.94,204.33,13.69,4.6,,0.03,0.315,,,2026-09-02 00:25:52
内蒙古自治区,松花江流域,察尔森水库西入口,2026-09-02 00:00,3,20.76,7.67,7.09,168.6,27.93,3.38,0.002,0.027,1.466,0.00864,1.06457,2026-09-02 00:25:52
辽宁省,辽河流域,于台,2026-09-02 00:00,3,21.77,6.99,6,868.829,7.742,4.13,0.235,0.07,6.521,,,2026-09-02 00:25:52
辽宁省,辽河流域,巨流河大桥,2026-09-02 00:00,4,23.89,8.26,10.59,612.8,71.3,7.22,,0.112,2.077,,,2026-09-02 00:25:52
辽宁省,辽河流域,兴国桥,2026-09-02 00:00,2,22.81,7.51,7.78,393.709,33.798,3.7,,0.062,3.166,,,2026-09-02 00:25:52
辽宁省,辽河流域,登化,2026-09-02 00:00,6,25.2092,9.12,22.48,621.167,19.1119,7.6,0.012,0.266,5.432,,,2026-09-02 00:25:52
辽宁省,辽河流域,小姐庙,2026-09-02 00:00,3,25.96,7.71,5.33,660.3,11.45,2.46,0.038,0.087,4.023,,,2026-09-02 00:25:52
辽宁省,辽河流域,张家堡,2026-09-02 00:00,2,24.88,8.29,7.57,631.22,18.88,2.72,0.028,0.039,5.463,,,2026-09-02 00:25:52
辽宁省,辽河流域,女儿河入河口,2026-09-02 00:00,2,25.31,8.12,12.06,919.43,10.47,1.6,0.005,0.035,11.145,,,2026-09-02 00:25:52
辽宁省,辽河流域,东羊角,2026-09-02 00:00,3,23.9,7.42,6.45,796.1,25.5,4.19,0.461,0.166,6.71,,,2026-09-02 00:25:52
辽宁省,辽河流域,盘锦兴安,2026-09-02 00:00,4,23.11,8.41,8.2,491.53,30.75,7.87,,0.13,2.028,,,2026-09-02 00:25:52
辽宁省,辽河流域,曙光大桥,2026-09-02 00:00,3,24.78,7.73,6.4,786.04,75.05,5.57,,0.123,0.835,,,2026-09-02 00:25:52
辽宁省,辽河流域,鲜峰桥,2026-09-02 00:00,4,25.32,8.34,,1127.07,44.135,7.48,,0.165,4.595,,,2026-09-02 00:25:52
辽宁省,辽河流域,通江口,2026-09-02 00:00,4,24,8.2,11.75,664.79,82.14,8.46,,0.156,4.391,,,2026-09-02 00:25:52
辽宁省,辽河流域,柴河水库入库口,2026-09-02 00:00,5,23.78,7.93,8.28,430.09,357.21,10.13,0.005,0.191,7.968,,,2026-09-02 00:25:52
辽宁省,辽河流域,松树水文站,2026-09-02 00:00,3,21.67,8,7.56,447.03,89.75,4.32,,0.125,8.64,,,2026-09-02 00:25:52
辽宁省,辽河流域,大凌河西支入河口,2026-09-02 00:00,2,18.21,8.07,7.24,939.23,14.705,1.93,,0.057,20.828,,,2026-09-02 00:25:52
吉林省,松花江流域,周家河口,2026-09-02 00:00,3,19.74,8,7.94,550.46,55.99,5.49,,0.114,2.444,,,2026-09-02 00:25:52
吉林省,辽河流域,六家子,2026-09-02 00:00,3,19.81,7.7,7.21,836.2,26.3,3.29,0.116,0.157,9.3987,,,2026-09-02 00:25:52
吉林省,辽河流域,林家,2026-09-02 00:00,4,21.7,7.85,7.88,778.7,28.9,6.16,0.113,0.265,7.499,,,2026-09-02 00:25:52
吉林省,辽河流域,河清,2026-09-02 00:00,3,18.55,8.13,8.71,856.7,15.31,4.92,,0.072,5.412,,,2026-09-02 00:25:52
吉林省,松花江流域,月亮湖下,2026-09-02 00:00,2,21.5,8.63,8.6,436.89,95.94,,,0.055,1.106,,,2026-09-02 00:25:52
吉林省,松花江流域,建封路大桥,2026-09-02 00:00,2,13.25,7.7,9.73,203.516,22.919,2.64,0.011,0.068,0.827,,,2026-09-02 00:25:52
黑龙江省,松花江流域,查哈阳乡,2026-09-02 00:00,3,17.1,7.51,9.12,96.6,87.5,5.49,,0.066,0.789,,,2026-09-02 00:25:52
黑龙江省,松花江流域,音河水库,2026-09-02 00:00,4,19.73,7.69,8.03,222.51,204.35,6.38,,0.143,2.819,,,2026-09-02 00:25:52
黑龙江省,松花江流域,江桥,2026-09-02 00:00,3,20.49,7.65,8.05,155.127,128.777,5.98,0.002,0.096,3.781,,,2026-09-02 00:25:52
黑龙江省,松花江流域,富源村,2026-09-02 00:00,4,20.46,7.54,6.97,103.9,13.63,9.85,0.02,0.053,0.343,,,2026-09-02 00:25:52
黑龙江省,松花江流域,嫩江口内,2026-09-02 00:00,4,21.17,7.81,8,204.04,103.859,6.76,,0.117,1.771,,,2026-09-02 00:25:52
黑龙江省,松花江流域,嘉荫,2026-09-02 00:00,5,17.25,7.16,9.73,104.452,37.961,11.96,0.033,0.058,0.853,,,2026-09-02 00:25:52
黑龙江省,松花江流域,双河渠首,2026-09-02 00:00,5,18.14,6.92,8.37,108.9,50.4,11.03,,0.111,2.839,,,2026-09-02 00:25:52
黑龙江省,松花江流域,黑河下,2026-09-02 00:00,5,16.52,7.57,8.43,128.7872,37.2072,12.22,0.007,0.071,0.6545,,,2026-09-02 00:25:52
黑龙江省,松花江流域,加格达奇上,2026-09-02 00:00,4,12.96,6.88,9.18,59.487,35.8409,9.95,,0.035,0.272,,,2026-09-02 00:25:52
上海市,长江流域,富锦路桥,2026-09-02 00:00,4,31.4,7.83,4.64,414.3,60.6,3.44,0.141,0.192,2.249,,,2026-09-02 00:25:52
上海市,太湖流域,闵行西界,2026-09-02 00:00,4,30.32,7.4,3.84,326.64,53.88,2.83,,0.1,1.61,,,2026-09-02 00:25:52
上海市,太湖流域,蕴川路桥,2026-09-02 00:00,3,28.91,7.57,5.06,413.49,80.06,2.35,,0.129,2.189,,,2026-09-02 00:25:52
上海市,太湖流域,三甲港,2026-09-02 00:00,2,30.02,7.88,6.53,1683.6,44.34,2.69,0.114,0.09,1.941,,,2026-09-02 00:25:52
上海市,太湖流域,急水港桥,2026-09-02 00:00,5,29.8,7.39,2.68,365.9,25,3.45,0.058,0.099,1.032,0.0103,5387924,2026-09-02 00:25:52
江苏省,长江流域,陈浅,2026-09-02 00:00,6,26.95,7.25,1.85,381.9,21.04,3.83,0.118,0.122,0.881,,,2026-09-02 00:25:52
江苏省,太湖流域,锡东水厂,2026-09-02 00:00,3,29.95,8.86,7.71,373.45,37.95,3.18,,0.043,0.721,0.00856,5729500,2026-09-02 00:25:52
江苏省,太湖流域,大浦港桥,2026-09-02 00:00,5,29.74,7.2,2.31,338,110.5,3.76,0.176,0.154,1.964,,,2026-09-02 00:25:52
江苏省,太湖流域,拖山,2026-09-02 00:00,5,30.05,8.49,7.37,380.47,64.07,3.61,,0.108,1.393,0.00453,7433333,2026-09-02 00:25:52
江苏省,太湖流域,五里湖心,2026-09-02 00:00,5,30.37,8.58,6.97,383.75,32.77423,4.08,,0.103,0.42,0.006,2620655,2026-09-02 00:25:52
江苏省,太湖流域,大港桥,2026-09-02 00:00,4,28,6.56,3.01,142.95,10.08,4.4,0.142,0.06,1.63,,,2026-09-02 00:25:52
江苏省,太湖流域,潘家坝,2026-09-02 00:00,5,29.34,7.16,2.81,322.26,102.49,4.39,0.216,0.121,2.063,,,2026-09-02 00:25:52
江苏省,长江流域,小湾,2026-09-02 00:00,3,29.76,7.78,5.97,327.45,20.16,1.65,,0.072,1.59,,,2026-09-02 00:25:52
江苏省,长江流域,魏村,2026-09-02 00:00,3,29.56,7.77,5.7,329.94,23.72,1.57,,0.07,1.724,,,2026-09-02 00:25:52
江苏省,太湖流域,姚巷桥,2026-09-02 00:00,3,31.24,8.81,8.41,336.74,12.89,5.16,,0.134,2.424,,,2026-09-02 00:25:52
江苏省,太湖流域,胥湖心,2026-09-02 00:00,2,30.43,,8.48,331.92,8.99,1.44,,0.012,0.143,0.0009,464594.1,2026-09-02 00:25:52
江苏省,太湖流域,乌龟山南,2026-09-02 00:00,4,29.69,8.14,7.11,299.46,39.291,2.2,,0.064,0.791,0.00224,5513894,2026-09-02 00:25:52
江苏省,太湖流域,千灯浦口,2026-09-02 00:00,3,30.36,8.51,8.79,474.275,60.198,4.66,,0.16,1.0236,,,2026-09-02 00:25:52
江苏省,太湖流域,朱厍港口,2026-09-02 00:00,4,29.1,8,3.29,455.5,73.3,9.82,,0.205,2.3,,,2026-09-02 00:25:52
江苏省,太湖流域,浏河闸,2026-09-02 00:00,4,30.27,7.47,4.1,528.81,95.452,3.88,0.108,0.171,2.3202,,,2026-09-02 00:25:52
江苏省,太湖流域,航管站,2026-09-02 00:00,2,31.27,8.82,7.3,359.37,8.53,2.82,,0.025,0.497,,,2026-09-02 00:25:52
江苏省,太湖流域,赵屯,2026-09-02 00:00,4,30.51,7.28,3.25,576.971,41.75,3.68,0.103,0.15,1.5126,,,2026-09-02 00:25:52
江苏省,淮河流域,总渠苏嘴,2026-09-02 00:00,3,25.2,7.58,5.46,449.1,43.42,3.29,0.032,0.082,1.869,,,2026-09-02 00:25:52
江苏省,淮河流域,唐曹,2026-09-02 00:00,4,26.43,7.29,3.6,448.5,143.07,4.87,0.388,0.202,0.806,,,2026-09-02 00:25:52
江苏省,太湖流域,吕城,2026-09-02 00:00,4,28.82,7.3,3.04,336.07,31.49,4.6,0.026,0.19,1.976,,,2026-09-02 00:25:52
江苏省,淮河流域,海陵大桥,2026-09-02 00:00,2,28.89,7.95,6.66,357.4,38.23,2.06,0.018,0.076,1.831,,,2026-09-02 00:25:52
浙江省,浙闽片河流,梁桥,2026-09-02 00:00,2,26.22,6.85,7.32,65.16,24.34,1.63,0.008,0.04,1.685,,,2026-09-02 00:25:52
浙江省,浙闽片河流,蒲岐,2026-09-02 00:00,5,26.6,6.76,5.16,152.3,52.88,4.47,0.755,0.32,2.245219,,,2026-09-02 00:25:52
浙江省,浙闽片河流,沙头,2026-09-02 00:00,1,26.15,6.84,7.76,36.41,5.358,1.67,0.022,0.015,0.5857,,,2026-09-02 00:25:52
浙江省,太湖流域,杨家浦,2026-09-02 00:00,4,29.77367,7.49,4.36,320.5448,36.19621,3.14,0.028,0.094,1.940888,,,2026-09-02 00:25:52
浙江省,浙闽片河流,曹娥江大闸闸前,2026-09-02 00:00,2,29.511,7.63,7.57,148.725,23.454,2.52,0.053,0.064,2.51,,,2026-09-02 00:25:52
浙江省,浙闽片河流,葛山头,2026-09-02 00:00,4,30.29,6.94,4.53,172.22,15.52,3.02,0.082,0.05,2.012,,,2026-09-02 00:25:52
浙江省,浙闽片河流,塔下洲,2026-09-02 00:00,3,29.49,7.99,10.33,404.148,7.891,5.17,0.196,0.114,3.0899,,,2026-09-02 00:25:52
浙江省,浙闽片河流,费垅,2026-09-02 00:00,3,29.28,7.31,6.33,289.881,13.829,3.1,0.276,0.155,2.7979,,,2026-09-02 00:25:52
浙江省,浙闽片河流,南江桥,2026-09-02 00:00,3,28.2,7.64,7.34,236.603,7.949,2.81,0.045,0.108,1.9034,,,2026-09-02 00:25:52
浙江省,浙闽片河流,横山,2026-09-02 00:00,3,28.79,7.37,5.34,199.224,9.832,1.97,0.041,0.071,1.4866,,,2026-09-02 00:25:52
浙江省,浙闽片河流,章店,2026-09-02 00:00,3,28.74,7.43,5.95,245.71,7.798,4.12,0.048,0.186,2.4619,,,2026-09-02 00:25:52
浙江省,浙闽片河流,金清新闸,2026-09-02 00:00,5,28.65,7.34,4.22,405.924,48.515,5.21,1.583,0.21,3.0712,,,2026-09-02 00:25:52
浙江省,浙闽片河流,里石门水库,2026-09-02 00:00,2,28.16,8.3,9.32,58.664,1.6,2.9,0.001,0.01,0.4841,0.0034,1213100,2026-09-02 00:25:52
浙江省,浙闽片河流,沙段,2026-09-02 00:00,2,27.37,7.2,7.53,85.155,19.907,2.69,0.048,0.052,1.1293,,,2026-09-02 00:25:52
浙江省,浙闽片河流,沙湾上,2026-09-02 00:00,2,22.44,7.13,8.42,25.024,16.965,1.69,0.234,0.018,0.3408,,,2026-09-02 00:25:52
浙江省,浙闽片河流,小溪口,2026-09-02 00:00,2,24.15,6.75,6.18,33.288,21.74,1.59,,0.024,0.6981,,,2026-09-02 00:25:52
安徽省,巢湖流域,兆河入湖口渡口,2026-09-02 00:00,3,28.86,7.48,5.26,308.831,45.7634,6,0.038,0.073,1.1172,,,2026-09-02 00:25:52
安徽省,巢湖流域,牛角大圩,2026-09-02 00:00,4,29.37,7.44,4.7,373.908,55.0251,4.57,0.007,0.133,2.005,,,2026-09-02 00:25:52
安徽省,巢湖流域,希望桥,2026-09-02 00:00,4,28.1,7.2,3.95,505.9,45.2,3.82,0.254,0.135,6.583,,,2026-09-02 00:25:52
安徽省,巢湖流域,湖滨,2026-09-02 00:00,5,28.25,8.96,7.77,252.19,33.72,5.92,,0.11,1.043,0.0059,1.776365,2026-09-02 00:25:52
安徽省,巢湖流域,黄麓,2026-09-02 00:00,4,29.86,,7.03,304.74,33.383,5.16,,0.078,1.18,0.01783,4039368,2026-09-02 00:25:52
安徽省,巢湖流域,靠近大坝,2026-09-02 00:00,2,29.13,8.48,7.08,160.56,7.82,3.71,,0.024,0.341,0.01433,1.472024,2026-09-02 00:25:52
安徽省,巢湖流域,新河入湖区,2026-09-02 00:00,6,27.59,7.66,5.8,282.83,146.59,7.85,0.008,0.234,1.152,0.00642,1.297449,2026-09-02 00:25:52
安徽省,巢湖流域,西半湖湖心,2026-09-02 00:00,4,28.02,,8.12,333.21,34.09,5.29,,0.093,1.211,0.01365,1.932919,2026-09-02 00:25:52
安徽省,巢湖流域,龟山,2026-09-02 00:00,4,28.4,8.98,7.87,268.51,37.07,3.8,0.012,0.065,1.434,0.0095,1.310315,2026-09-02 00:25:52
安徽省,巢湖流域,东半湖湖心,2026-09-02 00:00,4,28.113,8.58,7.36,287.688,42.158,5.43,0.007,0.089,1.003,0.01205,1.37545,2026-09-02 00:25:52
安徽省,巢湖流域,忠庙,2026-09-02 00:00,5,26.89,,6.09,278.02,59.9,6.93,,0.149,1.221,0.05401,2.121267,2026-09-02 00:25:52
安徽省,巢湖流域,兆河入湖区,2026-09-02 00:00,5,27.71,8.69,6.82,245.25,104.34,5.62,0.003,0.117,0.283,0.01457,9593300,2026-09-02 00:25:52
安徽省,淮河流域,焦岗湖,2026-09-02 00:00,3,27.21,8.07,5.88,654.31,56.78,4.6,0.04,0.037,0.393,0.00866,1.337182,2026-09-02 00:25:52
安徽省,淮河流域,小王桥,2026-09-02 00:00,4,26.76,7.28,3.78,1735.34,12.75,3.44,,0.06,1.279,,,2026-09-02 00:25:52
安徽省,长江流域,太平湖湖心,2026-09-02 00:00,2,28.86,8.55,6.68,99.96,3.62,2.35,,0.011,0.342,0.00386,7346919,2026-09-02 00:25:52
安徽省,长江流域,南漪湖西湖湖心,2026-09-02 00:00,4,28.59,7.49,6.67,164.07,72.4,3,,0.062,0.853,0.00666,2869852,2026-09-02 00:25:52
福建省,浙闽片河流,永泰横龙,2026-09-02 00:00,2,24.29,6.78,6.65,30.151,84.338,1.83,0.022,0.035,0.566,,,2026-09-02 00:25:52
福建省,浙闽片河流,闽清雄江,2026-09-02 00:00,4,30.67,6.94,3.63,135.486,3.3,1.84,0.0005,0.064,1.25,,,2026-09-02 00:25:52
福建省,浙闽片河流,隘头潭,2026-09-02 00:00,2,27.48,6.87,7.66,59.116,16.874,0.72,0.056,0.039,0.8143,,,2026-09-02 00:25:52
福建省,浙闽片河流,尤溪拥口大桥,2026-09-02 00:00,4,26.9,7.04,4.86,111.21,56.229,2.43,0.161,0.071,1.8397,,,2026-09-02 00:25:52
福建省,浙闽片河流,安溪罗内桥,2026-09-02 00:00,3,24.835,7.3,8.76,46.43,653,2.97,0.241,0.139,7.789,,,2026-09-02 00:25:52
福建省,浙闽片河流,南安霞东桥,2026-09-02 00:00,3,26.16,7.06,7.41,84.583,348.482,0.79,0.052,0.111,1.5235,,,2026-09-02 00:25:52
福建省,浙闽片河流,华安西陂,2026-09-02 00:00,3,25.07663,7.16,10.27,127.5577,99.94444,3.4,0.043,0.104,1.332,,,2026-09-02 00:25:52
福建省,浙闽片河流,南靖靖城桥,2026-09-02 00:00,2,26.18,6.55,7.3,127.7,100.66,1.95,0.107,0.082,5.749,,,2026-09-02 00:25:52
福建省,浙闽片河流,南靖洪濑汤坑桥,2026-09-02 00:00,2,25.692,6.33,7.55,171.1,42.041,1.09,0.041,0.098,10.934,,,2026-09-02 00:25:52
福建省,浙闽片河流,浦南水文站,2026-09-02 00:00,2,25.83677,7.05,8.1,97.24,154.19,1.53,0.144,0.063,1.554,,,2026-09-02 00:25:52
福建省,浙闽片河流,南溪浮宫桥,2026-09-02 00:00,3,28.16,6.82,5.51,346.688,282.351,2.12,0.078,0.135,3.2843,,,2026-09-02 00:25:52
福建省,浙闽片河流,水汾桥,2026-09-02 00:00,2,27.75,6.93,6.55,139.57,33.34,2.23,0.081,0.061,1.487,,,2026-09-02 00:25:52
福建省,浙闽片河流,建瓯蓬墩,2026-09-02 00:00,2,27.168,6.71,6.57,41.38,23.59,1.86,0.047,0.051,0.925,,,2026-09-02 00:25:52
福建省,浙闽片河流,将乐樟应,2026-09-02 00:00,3,26.76548,6.87,5.85,64.613,9.88391,2.08,0.032,0.023,0.829,,,2026-09-02 00:25:52
福建省,浙闽片河流,雁石桥,2026-09-02 00:00,3,25.25,7.63,9.56,157.572,215.938,1.22,0.149,0.138,2.305,,,2026-09-02 00:25:52
福建省,珠江流域,长汀美西桥,2026-09-02 00:00,3,25.06,6.9,7.23,89.375,19.08,1.91,0.159,0.113,0.5039,,,2026-09-02 00:25:52
江西省,长江流域,八一桥,2026-09-02 00:00,3,29.43,7.39,7.5,143.61,62.583,2.6,0.055,0.101,1.0691,,,2026-09-02 00:25:52
江西省,长江流域,焦石坝,2026-09-02 00:00,2,27.61,7.35,7.45,87.07,45.7,3.33,0.107,0.083,1.3256,,,2026-09-02 00:25:52
江西省,长江流域,戴村,2026-09-02 00:00,2,30.277,7.25,6.54,543.918,9.39,1.91,0.03,0.026,0.694,,,2026-09-02 00:25:52
江西省,长江流域,龙山口,2026-09-02 00:00,2,24.3,7.82,6.98,205.071,19.57,3.37,0.195,0.095,0.8598,,,2026-09-02 00:25:52
江西省,长江流域,桐车湾,2026-09-02 00:00,3,24.25,7.83,7.37,261.502,45.065,2.73,0.049,0.127,1.3498,,,2026-09-02 00:25:52
江西省,长江流域,金鱼石,2026-09-02 00:00,3,24.69,7.5,7.29,233.36,48.82,3.17,0.06,0.156,2.329,,,2026-09-02 00:25:52
江西省,长江流域,吴城修河,2026-09-02 00:00,2,27.215,7.31,7.77,100.66,61.44,1.93,0.041,0.036,0.9983,,,2026-09-02 00:25:52
江西省,长江流域,姚港,2026-09-02 00:00,2,28.88,7.74,6.07,347.12,26.85,1.87,0.069,0.071,1.402,,,2026-09-02 00:25:52
江西省,长江流域,潦河河口,2026-09-02 00:00,3,27.08,6.95,7.32,90.21,13.919,3.18,0.167,0.105,1.2899,,,2026-09-02 00:25:52
江西省,长江流域,柘林湖坝上,2026-09-02 00:00,2,28.64,7.27,6.75,100.89,0.837,1.95,,0.008,0.535,,,2026-09-02 00:25:52
江西省,长江流域,共青城寨下,2026-09-02 00:00,3,27.2,7.49,5.12,298.4,32.7,3.31,0.041,0.078,1.367,,,2026-09-02 00:25:52
江西省,长江流域,罗坊,2026-09-02 00:00,3,28.91,7.41,5.75,253.106,32.861,3.48,0.226,0.124,1.1888,,,2026-09-02 00:25:52
江西省,长江流域,孔目江江口,2026-09-02 00:00,2,28.29,7.64,6.51,357.722,21.103,2.79,0.158,0.081,1.3777,,,2026-09-02 00:25:52
江西省,长江流域,浮桥,2026-09-02 00:00,3,28.57,7.48,5.7,234.71,13.259,3.11,0.123,0.093,0.9392,,,2026-09-02 00:25:52
江西省,长江流域,傣家村,2026-09-02 00:00,4,28.92,7.45,5.43,240.518,6.983,3.29,0.118,0.086,1.2368,0.00762,1.360177,2026-09-02 00:25:52
江西省,长江流域,白塔河河口,2026-09-02 00:00,3,27.91,6.62,5.18,66.742,12.261,2.74,0.204,0.084,1.0303,,,2026-09-02 00:25:52
江西省,长江流域,土桥,2026-09-02 00:00,2,28.64,7.27,6.8,108.054,7.408,2.56,0.061,0.062,1.0291,,,2026-09-02 00:25:52
江西省,长江流域,流口村,2026-09-02 00:00,3,29.38,6.78,5.92,92.09811,16.47059,1.86,0.004,0.078,1.068154,,,2026-09-02 00:25:52
江西省,长江流域,市自来水厂,2026-09-02 00:00,3,26.8,7.14,7.37,91.577,62.814,1.56,0.075,0.12,0.4834,,,2026-09-02 00:25:52
江西省,长江流域,新庙前,2026-09-02 00:00,3,27.68,6.99,6.37,108.536,83.473,1.87,0.189,0.101,1.7538,,,2026-09-02 00:25:52
江西省,长江流域,峡山,2026-09-02 00:00,3,27.76,7.29,7.57,97.103,74.648,2.96,0.118,0.159,1.1488,,,2026-09-02 00:25:52
江西省,长江流域,梅江江口,2026-09-02 00:00,3,28.28,7.1,6.19,84.066,40.276,3.08,0.086,0.132,1.012,,,2026-09-02 00:25:52
江西省,长江流域,平江江口,2026-09-02 00:00,3,26.98,7.2,6.37,104.95,65.34,3.14,0.058,0.132,0.7479,,,2026-09-02 00:25:52
江西省,长江流域,上犹江江口,2026-09-02 00:00,2,26.38,7.24,7.74,75.249,28.616,2,0.355,0.051,0.3849,,,2026-09-02 00:25:52
江西省,长江流域,龙南自来水厂,2026-09-02 00:00,3,25.49,7.29,8.23,57.209,97.591,3.31,0.094,0.109,,,,2026-09-02 00:25:52
江西省,长江流域,桃江江口,2026-09-02 00:00,6,26.7,6.99,7.34,127.9,201.887,3.81,0.22,0.441,0.5687,,,2026-09-02 00:25:52
江西省,长江流域,大余城郊,2026-09-02 00:00,2,24.79,7.28,8.5,74.775,34.07,1.33,0.122,0.066,0.925,,,2026-09-02 00:25:52
江西省,珠江流域,兴宁电站,2026-09-02 00:00,2,29.12,7.87,10.12,86.5573,9.558787,2.57,0.014,0.026,2.231565,,,2026-09-02 00:25:52
江西省,长江流域,通津,2026-09-02 00:00,3,26.42,7.11,8.32,98.675,97.776,2.1,0.188,0.141,0.6414,,,2026-09-02 00:25:52
江西省,长江流域,金滩,2026-09-02 00:00,3,28.22,7.02,6.04,107.36,153.116,2.48,0.134,0.132,0.5333,,,2026-09-02 00:25:52
江西省,长江流域,孤江江口,2026-09-02 00:00,2,28.75,7.13,6.47,70.253,21.042,3.65,0.061,0.1,0.733,,,2026-09-02 00:25:52
江西省,长江流域,禾水河口,2026-09-02 00:00,2,28.41,7.26,6.77,92.639,33.202,2.82,0.256,0.081,0.7437,,,2026-09-02 00:25:52
江西省,长江流域,蜀水河口,2026-09-02 00:00,3,24.84,7.01,8.08,57.726,124.749,1.7,0.093,0.194,0.5447,,,2026-09-02 00:25:52
江西省,长江流域,遂川江江口,2026-09-02 00:00,4,25.84,7.18,8.41,72.29,117.453,1.99,0.081,0.22,1.4918,,,2026-09-02 00:25:52
江西省,长江流域,乌江江口,2026-09-02 00:00,3,28.2,7.2,5.77,112.021,16.247,3.26,0.205,0.093,0.9923,,,2026-09-02 00:25:52
江西省,长江流域,大洋洲,2026-09-02 00:00,5,27.98,7.19,6.71,121.194,337.632,,,0.34,,,,2026-09-02 00:25:52
江西省,长江流域,丰城小港口,2026-09-02 00:00,3,28.14,7.04,7.13,134.28,230.0832,3.24,0.048,0.167,1.8759,,,2026-09-02 00:25:52
江西省,长江流域,修河港口,2026-09-02 00:00,1,23.35,6.88,7.81,38.32,5.57,0.96,0.001,0.016,0.86,,,2026-09-02 00:25:52
江西省,长江流域,超坊,2026-09-02 00:00,3,27.3,7.43,7.41,80.902,67.765,4.05,0.09,0.148,1.138,,,2026-09-02 00:25:52
江西省,长江流域,钟岭水厂,2026-09-02 00:00,3,29.49,7.37,6.86,87.79,26.46,4.09,0.028,0.097,1.3428,,,2026-09-02 00:25:52
江西省,长江流域,临水河口,2026-09-02 00:00,3,26.68,6.34,5.91,66.59,77.59,4.9,0.267,0.16,1.898,,,2026-09-02 00:25:52
江西省,长江流域,瑞洪大桥,2026-09-02 00:00,4,31.73,6.91,4.57,132.66,26.47,1.28,0.001,0.051,1.055,,,2026-09-02 00:25:52
山东省,淮河流域,峡山水库库中,2026-09-02 00:00,3,27.64,8.54,6.46,752.53,18.61,5.16,,0.032,0.299,0.0135,1.067391,2026-09-02 00:25:52
山东省,黄河流域,徐家汶,2026-09-02 00:00,3,24.87624,7.61,5.81,1257.156,1.6675,1.96,0.018,0.107,35.1166,,,2026-09-02 00:25:52
山东省,淮河流域,大古镇,2026-09-02 00:00,3,26.38,7.59,8.17,722.73,24.25,4.15,0.006,0.182,4.164,,,2026-09-02 00:25:52
山东省,淮河流域,捷庄,2026-09-02 00:00,4,29.26,8.12,8.89,661.097,19.236,7.48,0.052,0.099,1.78,,,2026-09-02 00:25:52
山东省,海河流域,油坊桥,2026-09-02 00:00,3,26.909,7.89,7.8,761.335,125.327,2.3,0.167,0.113,3.316,,,2026-09-02 00:25:52
山东省,海河流域,北湖,2026-09-02 00:00,2,28.13,8.92,9.99,978.98,4.68,2.41,,0.011,1.72,0.00835,2993952,2026-09-02 00:25:52
河南省,淮河流域,新郑黄甫寨,2026-09-02 00:00,2,28.35,7.83,9.01,866.46,17.81,3.31,0.025,0.05,3.8023,,,2026-09-02 00:25:52
河南省,淮河流域,中牟陈桥,2026-09-02 00:00,4,28.69,8.25,9.46,677.62,48.61,6.9,,0.1,4.6495,,,2026-09-02 00:25:52
河南省,海河流域,前枋城,2026-09-02 00:00,1,22.649,7.96,7.99,566.05,10.098,1.1,,,5.2651,,,2026-09-02 00:25:52
河南省,海河流域,获嘉东碑村,2026-09-02 00:00,4,28.57,7.78,4.68,1367.18,279.45,4.9,0.048,0.234,4.016,,,2026-09-02 00:25:52
河南省,黄河流域,封丘王堤,2026-09-02 00:00,3,27.976,7.95,6.94,845.3,106.67,3.2,0.131,0.11,3.0957,,,2026-09-02 00:25:52
河南省,海河流域,新乡贾太湖,2026-09-02 00:00,2,27.42,8.06,6.94,690.298,72.565,2.73,0.019,0.038,2.7062,,,2026-09-02 00:25:52
河南省,海河流域,南乐元村集,2026-09-02 00:00,3,23.34,7.96,8.59,1154.23,157.07,2.36,0.094,0.192,7.034,,,2026-09-02 00:25:52
河南省,黄河流域,濮阳大韩桥,2026-09-02 00:00,5,26.81,7.4,3.42,810.8,97.18,4.53,0.083,0.308,0.985,,,2026-09-02 00:25:52
河南省,淮河流域,白沙水库,2026-09-02 00:00,2,28.3737,8.14,6.61,721.862,7.9994,3.96,0.023,0.022,3.3794,,,2026-09-02 00:25:52
河南省,黄河流域,洛河大桥,2026-09-02 00:00,1,25.55,8.33,7.5,441.146,145.505,1.08,0.081,0.019,1.4789,,,2026-09-02 00:25:52
河南省,长江流域,淅川荆紫关,2026-09-02 00:00,2,27.69443,8.51,8.87,313.0327,1.295896,2.29,0.007,0.012,1.31,,,2026-09-02 00:25:52
河南省,长江流域,淅川史家湾,2026-09-02 00:00,2,28.39,8,6.63,363.628,10.663,1.55,,0.016,1.4543,0.00189,,2026-09-02 00:25:52
河南省,长江流域,淅川高湾,2026-09-02 00:00,2,28.28,7.96,7.05,377.835,17.98,2,,0.029,1.5176,0.0055,,2026-09-02 00:25:52
河南省,长江流域,淅川张营,2026-09-02 00:00,6,30.95,9.1,19.66,271.746,8.149,4.8,,0.039,1.2651,0.00758183,,2026-09-02 00:25:52
河南省,长江流域,陶岔,2026-09-02 00:00,2,30.02,8.49,7.9,251.456,4.089,1.63,0.006,0.012,0.8105,0.0013,754992,2026-09-02 00:25:52
河南省,淮河流域,吕楼桥,2026-09-02 00:00,5,27.26,7.72,2.68,1388.513,61.312,5.35,0.048,0.181,0.8627,,,2026-09-02 00:25:52
河南省,淮河流域,黄口,2026-09-02 00:00,3,28.16,8.02,16.42,1429.671,21.465,5.18,0.131,0.101,4.3664,,,2026-09-02 00:25:52
河南省,淮河流域,老沈丘泉河桥,2026-09-02 00:00,3,28.89,7.9,6.14,1143.211,27.452,3.79,0.02,0.189,3.842,,,2026-09-02 00:25:52
河南省,淮河流域,刘寨村后,2026-09-02 00:00,4,29.2,7.8,4.08,1243,29.26,5.92,0.122,0.146,2.4415,,,2026-09-02 00:25:52
河南省,淮河流域,鹿邑付桥,2026-09-02 00:00,4,28.97,8.35,17.12,522.304,23.596,6.48,0.032,0.078,2.5506,,,2026-09-02 00:25:52
河南省,黄河流域,小浪底水库,2026-09-02 00:00,4,28.04,7.77,3.84,876.49,17.12,2.3,0.034,0.025,2.9831,,,2026-09-02 00:25:52
湖北省,长江流域,牛山湖湖心,2026-09-02 00:00,3,27.59,8.21,8.14,189.618,25.39,5.33,,0.032,0.021,0.00476,3.834046,2026-09-02 00:25:52
湖北省,长江流域,西梁子湖湖北,2026-09-02 00:00,4,28.1228,7.73,6.26,257.35,51.689,4.69,0.007,0.057,0.864,0.00419,2.202886,2026-09-02 00:25:52
湖北省,长江流域,杨泗港,2026-09-02 00:00,2,28.15,7.79,7.56,281.354,51.49,1.31,,0.059,,,,2026-09-02 00:25:52
湖北省,长江流域,龙口,2026-09-02 00:00,3,27.86,7.97,7.31,206.61,27.09,5.62,0.086,0.063,0.893,,,2026-09-02 00:25:52
湖北省,长江流域,金水闸,2026-09-02 00:00,6,28.97,6.99,1.66,250.36,30.74,3.94,0.431,0.059,1.084,,,2026-09-02 00:25:52
湖北省,长江流域,港洲村,2026-09-02 00:00,3,29.24,7.44,5.22,392.1,31.195,3.98,0.05,0.105,1.675,,,2026-09-02 00:25:52
湖北省,长江流域,白浒山,2026-09-02 00:00,2,28.28,7.85,6.73,323.4105,42.30178,1.9,0.032,0.084,1.767924,,,2026-09-02 00:25:52
湖北省,长江流域,挖沟泵站,2026-09-02 00:00,4,28.29937,7.09,3.59,1167.139,36.15049,4.78,0.155,0.137,1.884979,,,2026-09-02 00:25:52
湖北省,长江流域,富池闸,2026-09-02 00:00,3,26.06,7.2,5.01,240.4167,41.80368,2.59,0.121,0.075,2.261897,,,2026-09-02 00:25:52
湖北省,长江流域,丹江口水库坝上中,2026-09-02 00:00,1,30.7,8.56,9.09,233.125,1.528185,1.55,0.105,0.006,0.7328,0.0019758,1.1719,2026-09-02 00:25:52
湖北省,长江流域,潘口水库坝上,2026-09-02 00:00,6,29.45,9.05,12.89,170.4,6.8,2.63,,0.011,0.297,,,2026-09-02 00:25:52
湖北省,长江流域,隔河岩水库坝上,2026-09-02 00:00,2,20.87,8.44,7.37,233.51,2.09,1.14,0.004,0.011,1.766,0.0413,2290998,2026-09-02 00:25:52
湖北省,长江流域,长沙坝,2026-09-02 00:00,2,28.037,8.07,7.74,450.079,12.712,2.13,0.016,0.031,1.923,,,2026-09-02 00:25:52
湖北省,长江流域,清江大桥,2026-09-02 00:00,3,21.42,7.43,5.82,326.437,7.383,1.39,,0.017,2.593,,,2026-09-02 00:25:52
湖北省,长江流域,铁路大桥,2026-09-02 00:00,2,26.51,7.9,8.03,495.9,15,2,0.037,0.04,1.899,,,2026-09-02 00:25:52
湖北省,长江流域,桅杆坪,2026-09-02 00:00,2,19.45,7.49,6.54,292.74,0.67,1.24,,0.028,2.858,,,2026-09-02 00:25:52
湖北省,长江流域,白石港,2026-09-02 00:00,2,28.61,8.07,7.29,316.17,3.658,2.39,0.001,0.007,1.175,,,2026-09-02 00:25:52
湖北省,长江流域,翟湾,2026-09-02 00:00,3,28.2,7.83,5.03,457.2827,20.98561,3.56,0.005,0.095,1.608,,,2026-09-02 00:25:52
湖北省,长江流域,沈湾,2026-09-02 00:00,2,18.37,7.64,6.16,326.3,4.95,2.03,0.05,0.009,1.296,,,2026-09-02 00:25:52
湖北省,长江流域,东梁子湖湖心,2026-09-02 00:00,4,27.75,7.73,7.27,188.295,40.746,4.64,,0.071,0.586,,,2026-09-02 00:25:52
湖北省,长江流域,梁子湖七星站,2026-09-02 00:00,4,27.64,7.48,4.34,196.7352,54.97663,4.77,0.108,0.029,1.903202,0.03487867,,2026-09-02 00:25:52
湖北省,长江流域,漳河水库库心,2026-09-02 00:00,1,28.09,8.37,8.23,320.7104,1.5195,1.51,,0.0003,0.426,0.00039,1.1239,2026-09-02 00:25:52
湖北省,长江流域,转斗,2026-09-02 00:00,2,26.05,8.32,9.12,379.312,16.5147,3.33,0.016,0.047,1.465,,,2026-09-02 00:25:52
湖北省,长江流域,罗汉闸,2026-09-02 00:00,2,26.84,8.11,8.58,336.91,104.11,1.11,0.014,0.054,1.4784,,,2026-09-02 00:25:52
湖北省,长江流域,京山河邓李港,2026-09-02 00:00,3,28.48,7.58,7.74,472.399,21.5017,2.98,,0.11,1.771,,,2026-09-02 00:25:52
湖北省,长江流域,田店泵站,2026-09-02 00:00,2,28.75,7.9,6.89,494.51,22.3802,2.33,0.001,0.04,0.38905,,,2026-09-02 00:25:52
湖北省,长江流域,新沟闸,2026-09-02 00:00,5,29.1,7.54,2.6,446.91,26.48,4.56,0.127,0.115,3.116,,,2026-09-02 00:25:52
湖北省,长江流域,孝昌王店,2026-09-02 00:00,4,27.06,8.06,6.86,356.71,23.477,7.3,0.048,0.185,1.7288,,,2026-09-02 00:25:52
湖北省,长江流域,孝感河口大桥,2026-09-02 00:00,4,28.52,7.51,4.58,271.017,26.679,4.29,0.086,0.099,1.5767,,,2026-09-02 00:25:52
湖北省,长江流域,安陆桑树,2026-09-02 00:00,3,28.05,7.73,5.92,480.87,17.4527,2.36,0.014,0.034,0.45369,,,2026-09-02 00:25:52
湖北省,长江流域,隔蒲桥,2026-09-02 00:00,3,28.34,7.38,7.88,376.12,22.998,5.79,0.041,0.065,1.5003,,,2026-09-02 00:25:52
湖北省,长江流域,汉川新堰,2026-09-02 00:00,4,27.8,7.29,3.51,402.55,46.471,3.62,0.083,0.145,2.105,,,2026-09-02 00:25:52
湖北省,长江流域,杨柴湖,2026-09-02 00:00,5,25.3,6.79,2.86,333.7,14.5,5.23,,0.058,0.204,0.00212,1378213,2026-09-02 00:25:52
湖北省,长江流域,排水闸,2026-09-02 00:00,4,26.34,7.92,7.22,390.1421,37.5941,1.89,0.004,0.074,2.306,0.00043,3989244,2026-09-02 00:25:52
湖北省,长江流域,康家岗,2026-09-02 00:00,2,26.55,7.85,7.85,393.421,31.0567,1.69,,0.048,1.7506,,,2026-09-02 00:25:52
湖北省,长江流域,淤泥湖,2026-09-02 00:00,2,27.7,8.33,8.02,399,30.3,1.8,,0.067,2.036,,,2026-09-02 00:25:52
湖北省,长江流域,调关,2026-09-02 00:00,2,26.89,7.87,7.55,388.1931,10.707,1.38,,0.045,2.0319,,,2026-09-02 00:25:52
湖北省,长江流域,砖瓦厂,2026-09-02 00:00,2,27.36,7.93,7.05,470.1089,8.9095,1.79,,0.043,2.2949,,,2026-09-02 00:25:52
湖北省,长江流域,东关桥,2026-09-02 00:00,3,28.1,7.69,5.68,463.2,34.1,2.41,0.038,0.111,3.3925,,,2026-09-02 00:25:52
湖北省,长江流域,姚集,2026-09-02 00:00,3,27.3,7.78,5.29,455.8,23.9,2.3,0.081,0.073,1.822,,,2026-09-02 00:25:52
湖北省,长江流域,乌溪沟,2026-09-02 00:00,2,23.65299,8.45,11.58,330.7366,11.96802,1.6,0.024,0.051,1.9597,,,2026-09-02 00:25:52
湖北省,长江流域,咸宁湖心,2026-09-02 00:00,5,27.91,7.84,4.94,215.369,36.835,5.62,0.231,0.106,0.841,0.01215,1.512139,2026-09-02 00:25:52
湖北省,长江流域,陆溪口,2026-09-02 00:00,4,28.87,7.41,4.39,210.06,16.35,2.97,0.232,0.07,1.762,,,2026-09-02 00:25:52
湖北省,长江流域,洪下水文站,2026-09-02 00:00,2,24.9,7.46,6.32,153.9,28.03,1.21,0.077,0.072,1.07,,,2026-09-02 00:25:52
湖北省,长江流域,平林,2026-09-02 00:00,3,28.96,7.6,5.46,329.081,6.723,5.15,0.116,0.112,1.12,,,2026-09-02 00:25:52
湖北省,长江流域,周家坝,2026-09-02 00:00,2,22.99,7.76,6.97,229.06,8.019,0.68,,0.003,2.076,,,2026-09-02 00:25:52
湖北省,长江流域,阳日湾,2026-09-02 00:00,3,20.875,7.93,8.1,329.724,42.87,2.27,0.065,0.159,1.3907,,,2026-09-02 00:25:52
湖南省,长江流域,三角洲,2026-09-02 00:00,4,26.94,6.9,3.52,164.64,29.93,2.35,0.12,0.182,2.409,,,2026-09-02 00:25:52
湖南省,长江流域,洣水入湘江口,2026-09-02 00:00,6,25.573,7.26,6.44,98.17,27.75,2.63,0.01,0.449,1.53,,,2026-09-02 00:25:52
湖南省,长江流域,窑市,2026-09-02 00:00,2,22.04,7.26,8.15,43.4584,9.8179,1.41,0.024,0.029,0.61,,,2026-09-02 00:25:52
湖南省,长江流域,渡头村,2026-09-02 00:00,2,26.72,7.65,6.37,204.854,7.5284,2.21,0.082,0.073,1.405,,,2026-09-02 00:25:52
湖南省,长江流域,邵水入河口,2026-09-02 00:00,3,26.91,7.51,6.45,370.355,13.598,2.87,,0.108,2.406,,,2026-09-02 00:25:52
湖南省,长江流域,岳阳楼,2026-09-02 00:00,3,28.29,7.76,6.97,216.4416,58.97063,1.72,0.003,0.047,1.3063,0.0010859,238801,2026-09-02 00:25:52
湖南省,长江流域,城陵矶,2026-09-02 00:00,2,27.73,7.53,6.44,208.437,65.47212,2.3,0.003,0.051,0.9473,,,2026-09-02 00:25:52
湖南省,长江流域,南渡,2026-09-02 00:00,3,27.1,6.94,6.72,107.82,17.46,1.76,0.19,0.142,1.421,,,2026-09-02 00:25:52
湖南省,长江流域,马坡湖,2026-09-02 00:00,2,27.32,8.16,7.78,392.643,26.287,1.98,,0.056,1.778,,,2026-09-02 00:25:52
湖南省,长江流域,万家嘴,2026-09-02 00:00,2,26.48,7.39,6.63,153.236,23.00917,1.46,0.13,0.061,2.3381,0.0020236,187074.7,2026-09-02 00:25:52
湖南省,长江流域,桃谷山,2026-09-02 00:00,3,22.98,7.51,7.11,133.175,126.199,4.39,,0.163,1.948,,,2026-09-02 00:25:52
湖南省,长江流域,五强溪,2026-09-02 00:00,2,29.49,7.77,6.36,199.799,2.7584,0.99,0.001,0.027,1.208,,,2026-09-02 00:25:52
湖南省,长江流域,溪子口,2026-09-02 00:00,2,25.1,7.58,6.92,238.3,0.862,0.25,0.006,0.02,1.338,,,2026-09-02 00:25:52
湖南省,长江流域,街埠头,2026-09-02 00:00,3,26.25,7.48,5.7,348.017,6.8158,4.46,,0.089,2.167,,,2026-09-02 00:25:52
广东省,珠江流域,珠海大桥,2026-09-02 00:00,2,29.29,7.72,6.45,259.969,112.849,1.59,0.021,0.099,2.38,,,2026-09-02 00:25:52
广东省,珠江流域,石角咀水闸,2026-09-02 00:00,5,29.61,7.23,2.03,455.102,64.241,3.36,1.586,0.186,3.382,,,2026-09-02 00:25:52
广东省,珠江流域,海门湾桥闸,2026-09-02 00:00,5,28.15,6.92,2.2,254.95,49.2,3.84,1.098,0.193,2.787,,,2026-09-02 00:25:52
广东省,珠江流域,牛湾,2026-09-02 00:00,6,28.51,6.42,1.2,163.33,48.77,4.94,0.486,0.222,3.008,,,2026-09-02 00:25:52
广东省,珠江流域,渠首,2026-09-02 00:00,3,30.05,7.76,6.07,119.13,20.66,5.44,,0.026,0.773,0.02223,6055391,2026-09-02 00:25:52
广东省,珠江流域,山角,2026-09-02 00:00,4,29.21,6.64,4.99,138.8,11.87,3.87,0.057,0.063,2.73,,,2026-09-02 00:25:52
广东省,珠江流域,运河管理局,2026-09-02 00:00,4,28.69,8.55,8.16,118.27,32.74,6.27,,0.03,0.853,,,2026-09-02 00:25:52
广东省,珠江流域,南渡河桥,2026-09-02 00:00,6,29.46,6.54,2.5,174.48,30.87,5.07,2.005,0.106,4.28,,,2026-09-02 00:25:52
广东省,珠江流域,塘口,2026-09-02 00:00,4,29.59,6.77,4.21,115.59,29.2,2.89,0.166,0.165,2.549,,,2026-09-02 00:25:52
广东省,珠江流域,石骨水库,2026-09-02 00:00,2,29.499,8.92,6.99,64.66,8.8404,2.11,0.01,0.024,0.433,,,2026-09-02 00:25:52
广东省,珠江流域,良德水库,2026-09-02 00:00,3,29.76,6.63,5.78,63.241,10.654,1.43,,0.004,0.281,0.00674,2644270,2026-09-02 00:25:52
广东省,珠江流域,米急渡,2026-09-02 00:00,3,27.83,6.94,5.62,97.461,112.276,3.3,0.243,0.165,2.259,,,2026-09-02 00:25:52
广东省,珠江流域,五丰渡口,2026-09-02 00:00,2,26.94,6.84,7.59,81,89.92,2.33,0.08,0.066,4.1699,,,2026-09-02 00:25:52
广东省,珠江流域,新铺,2026-09-02 00:00,2,27.32,7.19,6.78,91.119,110.684,2.28,0.07,0.059,2.7216,,,2026-09-02 00:25:52
广东省,珠江流域,海丰西闸,2026-09-02 00:00,3,28.39,6.74,5.3,65.6,18.3,3.34,0.271,0.065,0.857,,,2026-09-02 00:25:52
广东省,珠江流域,东溪水闸,2026-09-02 00:00,4,29.04,6.4,4.02,140.285,83.532,4.67,0.583,0.101,1.925,,,2026-09-02 00:25:52
广东省,珠江流域,江城,2026-09-02 00:00,3,28.56,6.79,6.29,102.717,24.297,3.61,0.185,0.172,1.772,,,2026-09-02 00:25:52
广东省,珠江流域,尖山,2026-09-02 00:00,4,28.06,6.33,3.41,138.55,39.05,4.31,0.397,0.217,2.459,,,2026-09-02 00:25:52
广东省,珠江流域,埠场,2026-09-02 00:00,3,28.38,6.77,6.1,206.008,38.921,3.15,0.177,0.181,1.883,,,2026-09-02 00:25:52
广东省,珠江流域,大泉,2026-09-02 00:00,4,29.1,6.63,3.46,244.3,25.1,4.84,0.75,0.251,2.837,,,2026-09-02 00:25:52
广东省,珠江流域,樟村,2026-09-02 00:00,6,28.71,7.04,1.68,269.322,11.83,3.32,2.112,0.254,4.019,,,2026-09-02 00:25:52
广东省,珠江流域,旗岭,2026-09-02 00:00,4,28.32,6.91,3.06,270.249,48.73,1.7,1.437,0.242,3.672,,,2026-09-02 00:25:52
广东省,珠江流域,中山港码头,2026-09-02 00:00,3,29.46,7.64,6.03,268.8,100.337,3.2,0.512,0.162,3.325,,,2026-09-02 00:25:52
广东省,珠江流域,龟山塔,2026-09-02 00:00,2,26.83,6.92,6.89,67.465,57.725,2.09,0.078,0.1,1.3158,,,2026-09-02 00:25:52
广西壮族自治区,珠江流域,叮当,2026-09-02 00:00,2,27.6,7.59,7.86,273.561,22.159,2.29,0.011,0.087,4.3493,,,2026-09-02 00:25:52
广西壮族自治区,珠江流域,白马,2026-09-02 00:00,2,26.8,7.81,6.16,390.17,19.78,1.2,,0.052,2.701,,,2026-09-02 00:25:52
广西壮族自治区,珠江流域,东边埇,2026-09-02 00:00,3,26.69,6.54,7.04,68.4855,34.3341,2.06,0.054,0.106,2.348,,,2026-09-02 00:25:52
广西壮族自治区,珠江流域,西门江,2026-09-02 00:00,4,27.76,6.6,4.61,307.925,36.157,3.5,0.268,0.194,3.2894,,,2026-09-02 00:25:52
广西壮族自治区,珠江流域,三滩,2026-09-02 00:00,2,26.75,6.51,7.61,50.81,6.99,1.41,0.058,0.052,0.856,,,2026-09-02 00:25:52
广西壮族自治区,珠江流域,边贸码头,2026-09-02 00:00,2,26.9,6.73,7.14,46.87,11.37,1.13,0.052,0.053,1.238,,,2026-09-02 00:25:52
广西壮族自治区,珠江流域,高塘,2026-09-02 00:00,2,27.32,6.28,6.61,62.8,37.59,2.49,0.108,0.081,2.52,,,2026-09-02 00:25:52
广西壮族自治区,珠江流域,茅岭大桥,2026-09-02 00:00,2,27.86,6.57,6.9,86.78,47.05,3.37,0.068,0.085,1.964,,,2026-09-02 00:25:52
广西壮族自治区,珠江流域,高速公路西桥,2026-09-02 00:00,4,27.82,7.32,6.42,1258.43,105.83,5.02,1.182,0.189,4.587,,,2026-09-02 00:25:52
广西壮族自治区,珠江流域,公篓,2026-09-02 00:00,2,27.06,8.09,7.68,288.08,74.69,1.21,0.069,0.031,1.319,,,2026-09-02 00:25:52
广西壮族自治区,珠江流域,贺街,2026-09-02 00:00,2,26.64,7.55,6.76,238.89,17.289,1.07,0.08,0.073,1.868,,,2026-09-02 00:25:52
广西壮族自治区,珠江流域,渠立,2026-09-02 00:00,2,26.19,7.56,9.06,248.043,353.235,2.32,,0.06,2.047,,,2026-09-02 00:25:52
广西壮族自治区,珠江流域,棉江,2026-09-02 00:00,2,27.01,7.58,7,195.937,258.984,2.16,,0.041,2.0635,,,2026-09-02 00:25:52
海南省,珠江流域,儒房,2026-09-02 00:00,3,29.4,7.39,6.13,1402.45,19.2,3.63,0.102,0.109,1.35,,,2026-09-02 00:25:52
海南省,珠江流域,后黎村,2026-09-02 00:00,3,28.8,7.02,7.27,94.8,27.9,3.69,0.102,0.129,1.763,,,2026-09-02 00:25:52
海南省,珠江流域,中和桥,2026-09-02 00:00,4,27.8,6.08,5.37,101.3,127.8,5.6,0.072,0.241,1.341,,,2026-09-02 00:25:52
海南省,珠江流域,溪仔村,2026-09-02 00:00,2,27.9,6.61,6.07,92.15,3.03,2.32,0.033,0.035,0.672,,,2026-09-02 00:25:52
海南省,珠江流域,农垦橡胶所一队,2026-09-02 00:00,1,27.6,6.87,7.75,63.9,17.2,0.85,0.01,0.015,1.377,,,2026-09-02 00:25:52
海南省,珠江流域,分洪桥,2026-09-02 00:00,2,30.2,6.43,6.4,90.36,18.94,2.74,0.019,0.041,0.599,,,2026-09-02 00:25:52
海南省,珠江流域,罗带铁路桥,2026-09-02 00:00,6,27.1,6.84,7.69,195.7,438.1,8.14,0.007,0.513,2.956,,,2026-09-02 00:25:52
海南省,珠江流域,山口,2026-09-02 00:00,3,29.23,6.73,6.76,87.43,26.56,4.08,0.062,0.059,1.143,,,2026-09-02 00:25:52
海南省,珠江流域,大风,2026-09-02 00:00,4,26.44059,6.48,6.63,109.6949,343.6563,5.03,,0.203,0.6903203,,,2026-09-02 00:25:52
海南省,珠江流域,跨界桥,2026-09-02 00:00,3,25.2,7.06,8.12,62.6,315.9,5.2,0.022,0.137,1.788,,,2026-09-02 00:25:52
海南省,珠江流域,群英大坝,2026-09-02 00:00,2,26.7,7.19,7.14,81.5,28.7,3.41,0.082,0.084,1.39,,,2026-09-02 00:25:52
海南省,珠江流域,大溪村,2026-09-02 00:00,3,27.9,7.04,7.18,103.4,51.8,3.09,0.115,0.145,1.657,,,2026-09-02 00:25:52
重庆市,长江流域,晒网坝,2026-09-02 00:00,2,26.72,7.86,6.66,365.7265,29.2034,1.73,0.02,0.06,2.39,,,2026-09-02 00:25:52
重庆市,长江流域,和尚山,2026-09-02 00:00,5,25.62,7.77,6.97,371.41,574.73,5.89,0.063,0.349,1.098,,,2026-09-02 00:25:52
重庆市,长江流域,北渡,2026-09-02 00:00,2,27.86,7.73,6.38,490.8344,45.621,2.62,0.127,0.087,3.076,,,2026-09-02 00:25:52
重庆市,长江流域,太和,2026-09-02 00:00,2,30.1,8.24,9.21,382.51,6.3,1.81,,0.025,1.736,,,2026-09-02 00:25:52
重庆市,长江流域,官渡,2026-09-02 00:00,2,31.56,8.03,8.29,297.7174,12.82,3.37,,0.067,1.652,,,2026-09-02 00:25:52
重庆市,长江流域,临渡,2026-09-02 00:00,4,31.32,7.34,3.2,580.7,28.486,3.34,,0.078,1.889,,,2026-09-02 00:25:52
重庆市,长江流域,渠江码头,2026-09-02 00:00,2,30.85,7.89,7.3,275.496,21.206,3.8,,0.063,1.788,,,2026-09-02 00:25:52
重庆市,长江流域,中和,2026-09-02 00:00,4,29.95,7.48,3.17,586.7,9.55,5.44,0.006,0.102,0.904,,,2026-09-02 00:25:52
重庆市,长江流域,芙蓉洞码头,2026-09-02 00:00,1,29.61,8.66,11.54,215.24,18.18,0.58,,0.01,1.01,,,2026-09-02 00:25:52
重庆市,长江流域,湖海场,2026-09-02 00:00,2,26.66,7.92,7.75,272.612,18.601,3.07,,0.079,1.541,,,2026-09-02 00:25:52
重庆市,长江流域,白帝城,2026-09-02 00:00,3,27.11,7.69,5.71,370.942,33.07,1.83,,0.069,2.504,,,2026-09-02 00:25:52
四川省,长江流域,二江寺,2026-09-02 00:00,2,23.6,7.94,6.61,413.3,79.6,1.4,0.093,0.072,1.996,,,2026-09-02 00:25:52
四川省,长江流域,三邑大桥,2026-09-02 00:00,2,23.9,8.15,6.64,305.7011,24.833,1.37,0.011,0.032,1.9938,,,2026-09-02 00:25:52
四川省,长江流域,李家湾,2026-09-02 00:00,3,29.09,7.72,6.9,436.6,16.2,3.32,0.047,0.16,3.203,,,2026-09-02 00:25:52
四川省,长江流域,湾凼,2026-09-02 00:00,2,26.79993,7.47,7.57,657.4096,16.24817,3.85,0.012,0.052,0.334724,,,2026-09-02 00:25:52
四川省,长江流域,手爬岩,2026-09-02 00:00,2,24.82,7.86,7.32,453.305,62.2007,2.93,,0.073,1.7607,,,2026-09-02 00:25:52
四川省,长江流域,沱江大桥,2026-09-02 00:00,3,29.98,7.73,6.52,441.7442,23.59448,3.96,0.007,0.161,3.577823,,,2026-09-02 00:25:52
四川省,长江流域,胡市大桥,2026-09-02 00:00,3,31.44,8.02,6.98,397.373,13.0544,5.57,0.002,0.078,1.0245,,,2026-09-02 00:25:52
四川省,长江流域,泸天化大桥,2026-09-02 00:00,2,24.81,7.71,7.9,317.924,45.4045,1.92,0.011,0.078,3.3204,,,2026-09-02 00:25:52
四川省,长江流域,纳溪大渡口,2026-09-02 00:00,2,24.54,7.83,7.28,402.237,53.272,1.32,,0.082,1.5649,,,2026-09-02 00:25:52
四川省,长江流域,太平渡,2026-09-02 00:00,2,25.05862,8.07,8.23,446.8812,40.6993,1.62,0.043,0.099,4.099,,,2026-09-02 00:25:52
四川省,长江流域,姚渡,2026-09-02 00:00,1,22.88269,8.17,7.65,364.7789,46.57071,1.11,0.013,0.002,1.532,,,2026-09-02 00:25:52
四川省,长江流域,清泉乡,2026-09-02 00:00,2,29.14,8.25,11.85,285.4,7.441,2.14,0.04,0.014,0.862,,,2026-09-02 00:25:52
四川省,长江流域,大安,2026-09-02 00:00,3,29.92,8.23,6.79,495.985,10,5.41,,0.157,0.5926,,,2026-09-02 00:25:52
四川省,长江流域,大埂,2026-09-02 00:00,3,30.85,7.99,7.64,463.2,3.96,4.04,0.163,0.05,0.556415,,,2026-09-02 00:25:52
四川省,长江流域,金溪电站,2026-09-02 00:00,2,28.15,7.86,7.36,330.769,14.2016,2.35,0.014,0.035,1.593,,,2026-09-02 00:25:52
四川省,长江流域,三块石,2026-09-02 00:00,1,23.71,8.04,7.54,514.49,5.25,1.16,0.013,0.016,1.067,,,2026-09-02 00:25:52
四川省,长江流域,幺滩,2026-09-02 00:00,3,29.51,7.92,7.16,385.08,58.34,4.49,0.141,0.13,2.979,,,2026-09-02 00:25:52
四川省,长江流域,团堡岭,2026-09-02 00:00,2,30.34,8.32,7.59,256.05,15.909,3.08,0.017,0.04,1.275,,,2026-09-02 00:25:52
四川省,长江流域,大蹬沟,2026-09-02 00:00,2,29.78,8.13,6.93,245.3,21.5,2.9,0.083,0.032,1.295,,,2026-09-02 00:25:52
四川省,长江流域,白兔乡,2026-09-02 00:00,3,30.7,8.79,25.3,325,8.59,4.95,,0.038,0.522,,,2026-09-02 00:25:52
四川省,长江流域,联盟桥,2026-09-02 00:00,2,29.61,7.79,9.13,373.03,14.61,3.85,,0.08,1.1909,,,2026-09-02 00:25:52
四川省,长江流域,舵石盘,2026-09-02 00:00,2,28.24,8.22,8.61,299.4,22.1,3.36,0.004,0.044,1.568,,,2026-09-02 00:25:52
四川省,长江流域,车家河,2026-09-02 00:00,2,28.89,8.5,18.49,263.5,31.97,3.44,,0.026,0.633,,,2026-09-02 00:25:52
四川省,长江流域,拱城铺渡口,2026-09-02 00:00,3,29.25,8.13,8.19,499.36,19.12,1.47,,0.105,2.6,,,2026-09-02 00:25:52
四川省,长江流域,竹巴龙村,2026-09-02 00:00,4,13.99,8.33,6.39,1587.8,691.3,3.41,0.537,0.226,2.15,,,2026-09-02 00:25:52
四川省,长江流域,昔街大桥,2026-09-02 00:00,2,22.06,7.73,7.66,214.41,71.84,1.13,0.098,0.08,3.058,,,2026-09-02 00:25:52
贵州省,长江流域,贵铝泵房,2026-09-02 00:00,2,25.5639,8.32,8.62,353.752,4.3607,2.89,0.014,0.01,1.9239,0.01421,1754562,2026-09-02 00:25:52
贵州省,长江流域,花鱼洞,2026-09-02 00:00,4,23.7491,7.58,3.67,321.2307,3.0615,1.92,0.146,0.019,1.0554,0.00505,3973515,2026-09-02 00:25:52
贵州省,珠江流域,青岩,2026-09-02 00:00,2,23.01,8.01,6.36,561.7198,8.1954,1.45,,0.084,4.0068,,,2026-09-02 00:25:52
贵州省,长江流域,龙场,2026-09-02 00:00,2,21.31,7.8,6.16,390.64,4.56,0.68,0.003,0.013,3.781,,,2026-09-02 00:25:52
贵州省,长江流域,打秋坪,2026-09-02 00:00,2,25.87,7.9,7.13,526,5.3,1.4,0.101,0.093,3.9,,,2026-09-02 00:25:52
贵州省,长江流域,余庆河暗溪坪,2026-09-02 00:00,2,25.26,7.55,9.67,301.86,12.97,1.44,0.053,0.061,1.472,,,2026-09-02 00:25:52
贵州省,长江流域,羊柱头渡口,2026-09-02 00:00,4,25.07,7.58,4.42,672.89,5.372,2.15,0.154,0.21,6.214,,,2026-09-02 00:25:52
贵州省,长江流域,茅台,2026-09-02 00:00,2,22.86,8.11,7.51,378.93,170.26,1.76,,0.054,4.789,,,2026-09-02 00:25:52
贵州省,珠江流域,打邦,2026-09-02 00:00,2,27.09,8.35,8.58,439.87,9.176,3.69,0.001,0.035,3.162,,,2026-09-02 00:25:52
贵州省,长江流域,小屯,2026-09-02 00:00,2,24.8,8.47,8.76,403.0929,7.778,3.08,,0.042,4.365,,,2026-09-02 00:25:52
贵州省,长江流域,鱼市,2026-09-02 00:00,2,27.32,8.07,7.3,394.576,4.497131,0.98,0.005,0.03,0.956979,,,2026-09-02 00:25:52
贵州省,珠江流域,坝草,2026-09-02 00:00,1,27.1808,8.25,9.41,400.752,4.1482,1.43,0.008,0.008,3.1562,,,2026-09-02 00:25:52
贵州省,长江流域,凤山桥边,2026-09-02 00:00,3,23.9862,8.27,7.97,606.28,3.1994,1.41,0.114,0.11,3.935,,,2026-09-02 00:25:52
贵州省,珠江流域,边外河,2026-09-02 00:00,2,24.52,7.78,7.43,341.58,5.03,0.76,0.004,0.006,1.86,,,2026-09-02 00:25:52
云南省,滇池流域,王大桥,2026-09-02 00:00,4,21.32,6.93,4.16,617.424,7.8947,3.36,0.085,0.278,7.4483,,,2026-09-02 00:25:52
云南省,滇池流域,大观河入湖口,2026-09-02 00:00,4,22.44,7.53,3.33,518.0659,13.4611,2.37,0.314,0.092,4.6127,,,2026-09-02 00:25:52
云南省,珠江流域,阳宗海中,2026-09-02 00:00,2,24.23,,7.02,398.01,3.052,3.93,,0.015,0.504,0.00928,1428290,2026-09-02 00:25:52
云南省,滇池流域,严家村桥,2026-09-02 00:00,4,23.18999,7.58,4.14,502.5637,14.45769,2.37,0.259,0.109,4.387244,,,2026-09-02 00:25:52
云南省,滇池流域,草海中心,2026-09-02 00:00,3,23.02,8.42,12.03,372.64,51.47,5.21,,0.047,2.634,0.02089,1.239617,2026-09-02 00:25:52
云南省,滇池流域,灰湾中,2026-09-02 00:00,4,23.17,8.57,9.15,402.825,35.398,7.12,0.1,0.064,1.436,0.0152,4.872194,2026-09-02 00:25:52
云南省,滇池流域,观音山中,2026-09-02 00:00,4,22.66,8.98,6,318.397,23.781,5.1,,0.059,1.083,0.00523,1.6295,2026-09-02 00:25:52
云南省,滇池流域,观音山西,2026-09-02 00:00,4,22.84,8.87,7.72,380.65,35.89,7.78,0.03,0.055,1.38,0.00942,6.250313,2026-09-02 00:25:52
云南省,滇池流域,海口西,2026-09-02 00:00,4,22.73,,6.98,327.72,32.24,6.05,,0.055,0.711,0.02434,1.79018,2026-09-02 00:25:52
云南省,滇池流域,滇池南,2026-09-02 00:00,4,22.62,,8.94,372.07,42.96,6.75,,0.059,1.049,0.04917,2.887239,2026-09-02 00:25:52
云南省,珠江流域,抚仙湖心,2026-09-02 00:00,1,24.01,,7.7,282.48,3.473,1.97,0.001,0.008,0.117,0.00164,6932032,2026-09-02 00:25:52
云南省,珠江流域,杞麓湖心,2026-09-02 00:00,4,23.63,8.8,6.93,743.31,8.52,6.83,0.351,0.024,1.573,0.03811,9054090,2026-09-02 00:25:52
云南省,珠江流域,星云湖心,2026-09-02 00:00,4,23.8,,5.54,517.318,51.54,6.5,,0.017,0.654,0.00536,4.4764,2026-09-02 00:25:52
云南省,西南诸河,红旗桥,2026-09-02 00:00,1,20.63866,7.93,8.6,275.9475,541.5873,1.34,,0.007,0.337342,,,2026-09-02 00:25:52
云南省,西南诸河,土卡河水文站,2026-09-02 00:00,2,26.32308,7.95,7.11,198.4517,61.22241,1.18,,0.02,1.262129,,,2026-09-02 00:25:52
云南省,西南诸河,河口县医院,2026-09-02 00:00,6,25.60806,5.85,7.47,,3.570872,1.73,0.016,0.06,1.840932,,,2026-09-02 00:25:52
云南省,珠江流域,异龙湖中,2026-09-02 00:00,4,26.6,8.61,7.9,424.08,3.687,6.72,,0.01,0.464,0.01878,146758.3,2026-09-02 00:25:52
云南省,西南诸河,天保农场,2026-09-02 00:00,2,23.84,8.14,9.82,362.5,16.84,0.18,0.004,0.039,3.6634,,,2026-09-02 00:25:52
云南省,西南诸河,洱海湖心,2026-09-02 00:00,2,24.16,8.72,6.1,286.37,17.73,3.91,0.049,0.02,0.602,0.00841,19500,2026-09-02 00:25:52
陕西省,黄河流域,灞河口,2026-09-02 00:00,2,27.02,8.69,13.43,359.6736,22.6687,3.23,,0.034,3.5004,,,2026-09-02 00:25:52
陕西省,黄河流域,三郎村,2026-09-02 00:00,2,28.73,8.35,15.43,503.553,32.202,3.83,0.002,0.057,4.2355,,,2026-09-02 00:25:52
陕西省,黄河流域,岔口,2026-09-02 00:00,2,21.84,8.26,8.82,684.252,65.91,3.18,0.012,0.044,2.6426,,,2026-09-02 00:25:52
陕西省,长江流域,黄牛铺,2026-09-02 00:00,2,20.96,7.85,6.21,189.2075,1.9416,2.18,0.006,0.008,0.879,,,2026-09-02 00:25:52
陕西省,黄河流域,魏家堡,2026-09-02 00:00,2,26.13,8.51,8.26,932.9195,30.4877,2.04,0.027,0.035,5.103,,,2026-09-02 00:25:52
陕西省,黄河流域,卧龙寺桥,2026-09-02 00:00,2,25.34,8.22,6.48,888.6188,18.8281,2.18,,0.013,4.685,,,2026-09-02 00:25:52
陕西省,长江流域,灶火庵,2026-09-02 00:00,2,21.49,8.13,6.88,328.2408,26.9046,1.69,,0.017,1.3171,,,2026-09-02 00:25:52
陕西省,黄河流域,黑河张家桥,2026-09-02 00:00,2,25.08,8.17,7.06,583.5072,75.006,2.17,0.094,0.033,1.6598,,,2026-09-02 00:25:52
陕西省,黄河流域,昝家山,2026-09-02 00:00,2,22.07,8.38,8.67,565.67,120.1871,2.77,0.04,0.06,3.3121,,,2026-09-02 00:25:52
陕西省,黄河流域,朱家沟,2026-09-02 00:00,6,22.73,8.23,7,1066.585,1255.06,4.28,0.663,0.542,7.5421,,,2026-09-02 00:25:52
陕西省,长江流域,烈金坝,2026-09-02 00:00,2,21.88,8.24,7.61,332.56,5.411,0.59,,0.023,0.8273,,,2026-09-02 00:25:52
陕西省,长江流域,白水江,2026-09-02 00:00,2,24.76,8.2,6.95,299.6689,14.735,1.53,,0.02,1.0842,,,2026-09-02 00:25:52
陕西省,黄河流域,温家川,2026-09-02 00:00,3,24.55,8.28,7.32,1197.943,229.1686,4.71,,0.088,3.1471,,,2026-09-02 00:25:52
陕西省,黄河流域,高家川,2026-09-02 00:00,2,23.09,8.39,7.7,858.39,259.2739,3.01,,0.098,3.3491,,,2026-09-02 00:25:52
陕西省,长江流域,老君关,2026-09-02 00:00,2,25.77,7.65,6.23,258.8997,26.6313,2.98,,0.025,1.614,,,2026-09-02 00:25:52
陕西省,长江流域,构峪口,2026-09-02 00:00,2,21.8,8.2,8.07,384.9575,4.1691,2.25,,0.011,2.093,,,2026-09-02 00:25:52
甘肃省,黄河流域,新城桥,2026-09-02 00:00,2,18.11,8.23,7.14,567.754,283.137,2.55,0.011,0.09,1.6867,,,2026-09-02 00:25:52
甘肃省,黄河流域,湟水桥,2026-09-02 00:00,3,19.11,8.4,6.81,627.402,302.31,2.93,0.075,0.116,3.425,,,2026-09-02 00:25:52
甘肃省,黄河流域,五佛寺,2026-09-02 00:00,6,19.6777,8.18,6.77,701.8911,652.9473,3.91,0.603,0.669,5.137,,,2026-09-02 00:25:52
甘肃省,黄河流域,桦林,2026-09-02 00:00,2,19.5,8.38,7.45,726.2,521.2,1.92,0.012,0.028,5.591,,,2026-09-02 00:25:52
甘肃省,长江流域,固水子村,2026-09-02 00:00,2,20.02,8.27,7.85,378.9,287.6,1.92,,0.084,0.862,,,2026-09-02 00:25:52
宁夏回族自治区,黄河流域,平罗黄河大桥,2026-09-02 00:00,2,22.65,8.2,7.17,933.35,3208.39,1.56,,0.057,3.06,,,2026-09-02 00:25:52
宁夏回族自治区,黄河流域,麻黄沟,2026-09-02 00:00,2,23.2,8.23,6.32,992.999,1287.887,2.2,,0.046,2.8596,,,2026-09-02 00:25:52
宁夏回族自治区,黄河流域,中卫下河沿,2026-09-02 00:00,-1,,,,,,,,,,,,2026-09-02 00:25:52
