省份,流域,断面名称,监测时间,水质类别,水温(℃),pH(无量纲),溶解氧(mg/L),电导率(μS/cm),浊度(NTU),高锰酸盐指数(mg/L),氨氮(mg/L),总磷(mg/L),总氮(mg/L),叶绿素α(mg/L),藻密度(cells/L)
北京市,海河流域,鼓楼外大街,2026-07-10 00:00,2,25.84,7.79,7.53,501.56,25.959,3.27,0.044,0.037,4.341,,
北京市,海河流域,广北滨河路,2026-07-10 00:00,2,27.21,7.93,7.25,513.1,14.6,2.77,0.016,0.029,2.786,,
北京市,海河流域,沙窝,2026-07-10 00:00,4,29.35,7.43,4.62,685.1,127.457,6.53,1.038,0.202,5.363,,
北京市,海河流域,新八里桥,2026-07-10 00:00,4,27.6,7.27,3.19,707.735,5.88,4.2,0.41,0.185,6.157,,
北京市,海河流域,大红门闸上,2026-07-10 00:00,2,25.4,7.67,6.58,814.1,5.611,2.56,0.004,0.075,4.41,,
北京市,海河流域,南大荒桥,2026-07-10 00:00,2,27.47,8.47,7.77,843.6,24.88,3.88,,0.039,2.439,,
北京市,海河流域,清河闸,2026-07-10 00:00,2,23.61,7.67,6.49,782.95,3.471,2.68,,0.042,5.253,,
北京市,海河流域,花园路,2026-07-10 00:00,4,23.73,7.53,4.21,789.465,21.592,2.98,0.08,0.076,7.99,,
北京市,海河流域,白石桥,2026-07-10 00:00,2,24.33,7.88,9.38,480.79,6.418,3.47,0.055,0.014,3.498,,
北京市,海河流域,八间房漫水桥,2026-07-10 00:00,3,30.4,7.67,7.9,774.06,13.74,4.55,,0.067,2.8255,,
北京市,海河流域,码头,2026-07-10 00:00,3,29.33,7.28,5.42,1038.45,44.011,2.74,0.005,0.041,5.005,,
北京市,海河流域,罗庄,2026-07-10 00:00,3,30.82,7.71,5.06,1084.804,8.049348,3.84,0.015,0.09,4.7631,,
北京市,海河流域,小屯桥,2026-07-10 00:00,3,31.01,7.6,5.7,1232.664,7.490142,4.45,,0.112,4.9061,,
北京市,海河流域,东店,2026-07-10 00:00,3,24.02564,7.33,6.11,450.0052,289.3275,3.28,0.053,0.144,8.89396,,
北京市,海河流域,密云水库,2026-07-10 00:00,2,27.0613,8.03,9.05,409.8125,3.159352,2.63,0.076,0.008,3.504128,,
北京市,海河流域,大关桥,2026-07-10 00:00,3,27.38,8.2,9.43,458.85,47.99,4.1,0.265,0.065,6.1431,,
北京市,海河流域,辛庄桥,2026-07-10 00:00,3,27.45,8.18,7.31,577.964,266.3573,5.29,,0.171,11.9891,,
北京市,海河流域,谷家营,2026-07-10 00:00,2,28.95,8.34,17.96,564.079,18.462,3.43,0.045,0.035,3.022,,
北京市,海河流域,后城,2026-07-10 00:00,4,21.69,8.45,7.94,501.866,2875.488,5.82,,0.214,12.6531,,
天津市,海河流域,北洋桥,2026-07-10 00:00,3,30.89405,7.7,6.13,345.9928,19.67752,4.54,0.308,0.159,1.619947,,
天津市,海河流域,井冈山桥,2026-07-10 00:00,6,28.12,7.48,1.04,814.648,17.04817,3.42,0.39,0.084,1.6351,,
天津市,海河流域,大红桥,2026-07-10 00:00,6,29.52,7.29,0.05,901.206,7.556103,3.55,0.077,0.045,1.7841,,
天津市,海河流域,曹庄子泵站,2026-07-10 00:00,2,29.49,7.52,6.76,283.98,2.06,1.58,0.15,0.005,0.96,,
天津市,海河流域,生产圈闸,2026-07-10 00:00,6,28.18168,7.25,0.005,766.32,63.33706,4.05,1.009,0.192,1.684851,,
天津市,海河流域,尔王庄泵站,2026-07-10 00:00,2,29.64,8.41,7.49,326.39,12.26866,2.51,0.037,0.017,0.5671,,
天津市,海河流域,塘汉公路桥,2026-07-10 00:00,5,25.46,7.57,2.62,924.884,32.64233,4.94,0.144,0.206,4.5491,,
天津市,海河流域,海河大闸,2026-07-10 00:00,5,27.64,7.97,2.83,1776.941,20.8128,5.17,0.222,0.09,1.8379,,
天津市,海河流域,北排水河防潮闸,2026-07-10 00:00,5,18.67,8.16,2.14,1760.1,37.6614,3.98,0.005,0.049,,,
天津市,海河流域,沧浪渠出境,2026-07-10 00:00,4,27.59,7.64,4.16,15379.2,31.1,8.21,0.336,0.222,3.1996,,
天津市,海河流域,万家码头,2026-07-10 00:00,6,26.87,7.48,1.44,1595.44,5.48,5.19,0.104,0.136,1.21,,
天津市,海河流域,蓟运河防潮闸,2026-07-10 00:00,6,28.55182,7.65,3.05,1514.701,24.18934,6.07,1.08,0.405,2.5473,,
天津市,海河流域,青静黄防潮闸,2026-07-10 00:00,4,21.59451,8.13,4.96,4785.676,56.53856,4.23,0.141,0.057,2.374102,,
天津市,海河流域,阎辛庄,2026-07-10 00:00,6,19.51997,7.37,3.31,999.652,108.2786,21.98,,0.123,2.191167,,
天津市,海河流域,于桥水库库中心,2026-07-10 00:00,2,29.3,8.54,7.52,522.78,6.02,3.4,0.028,0.018,2.087,0.01673,1312859
天津市,海河流域,于桥水库出口,2026-07-10 00:00,1,29.11,8.32,11.34,508.767,2.513544,0.79,0.01,0.011,2.1151,,
天津市,海河流域,沙河桥,2026-07-10 00:00,2,27.08,7.76,6.85,524.4,13.595,1.58,0.072,0.061,6.068,,
天津市,海河流域,西屯桥,2026-07-10 00:00,3,30.83,7.84,5.22,535.13,114.2332,2.85,,0.129,2.221,,
河北省,海河流域,下槐镇,2026-07-10 00:00,2,29.13,8.3,6.83,575.027,124.7817,2.59,0.02,0.076,2.8576,,
河北省,海河流域,地都,2026-07-10 00:00,2,23.32,7.81,6.21,1151.308,31.15,1.5,0.248,0.044,5.009,,
河北省,海河流域,平山桥,2026-07-10 00:00,1,28.55,7.92,8.15,1050.72,26.409,1.11,0.008,0.01,3.219,,
河北省,海河流域,兆通,2026-07-10 00:00,2,28.69,8.22,8.15,519.15,8.57,2.1,0.009,0.01,2.3514,,
河北省,海河流域,大石桥,2026-07-10 00:00,4,29.54318,8.04,8.89,1448.74,0.366135,6.56,0.873,0.155,10.16994,,
河北省,海河流域,涧河口,2026-07-10 00:00,4,27.77457,7.24,4.65,590.9238,52.83276,5.69,0.706,0.164,2.78444,,
河北省,海河流域,丰北闸,2026-07-10 00:00,6,27.88445,7.22,5.98,1806.06,10.00846,8.92,2.954,0.984,5.035969,,
河北省,海河流域,滦县大桥,2026-07-10 00:00,2,19.19,7.94,9.32,544.105,21.96268,3.18,0.058,0.068,5.2021,,
河北省,海河流域,新开河口,2026-07-10 00:00,4,31.54398,7,4.75,46506.83,2.442396,2.28,0.464,0.091,1.7482,,
河北省,海河流域,刘家庄,2026-07-10 00:00,2,25.26,7.95,6.26,564.1577,56.9,1.29,0.041,0.032,3.957,,
河北省,海河流域,曲周,2026-07-10 00:00,3,31.94,7.77,5.67,791.383,27.096,3.39,,0.087,2.927,,
河北省,海河流域,艾辛庄,2026-07-10 00:00,5,30.79772,7.83,5.51,787.9496,147.4548,7.31,0.565,0.335,4.797239,,
河北省,海河流域,后西吴桥,2026-07-10 00:00,3,30.71,7.99,6.21,955,26.87,5.2,0.087,0.094,8.6487,,
河北省,海河流域,北河店,2026-07-10 00:00,4,28.43,7.76,4.63,487.1002,6.002,2.25,0.004,0.021,3.279,,
河北省,海河流域,白合,2026-07-10 00:00,2,26.68,8.03,6.96,569.95,52.33,1.2,,0.033,4.794,,
河北省,海河流域,杜里村,2026-07-10 00:00,2,24.01,8.52,8.39,298.67,171.45,2.34,,0.08,3.1062,,
河北省,海河流域,温泉屯,2026-07-10 00:00,3,23.59,8.12,5.47,1113.576,108.546,4.63,0.017,0.084,8.4721,,
河北省,海河流域,左卫桥,2026-07-10 00:00,5,25.35,8.4,7.8,757.394,680.3153,4.74,0.015,0.306,11.8211,,
河北省,海河流域,四道甸,2026-07-10 00:00,4,25.59,8.25,8.04,372.41,4081.571,9.47,,0.024,36.3331,,
河北省,辽河流域,甸子,2026-07-10 00:00,-1,,,,,,,,,,,
河北省,海河流域,何老营,2026-07-10 00:00,4,27.67147,8.02,6,2780.293,19.11552,6.12,,0.182,0.871106,,
河北省,海河流域,四埝村桥,2026-07-10 00:00,4,28.88,7.95,3.53,2855.458,25.398,5.62,0.172,0.134,0.627,,
河北省,海河流域,大王务,2026-07-10 00:00,5,29.59,7.7,2.34,843.985,5.599154,6.55,,0.106,0.8141,,
河北省,海河流域,台头,2026-07-10 00:00,3,30.87109,7.99,5.31,904.3062,9.34773,3.53,0.002,0.036,0.5321,,
河北省,海河流域,三小营,2026-07-10 00:00,5,30.0374,7.01,2.51,777.8177,19.80342,4.59,0.076,0.062,1.403054,,
河北省,海河流域,小范桥,2026-07-10 00:00,3,31.06,8.66,9.86,910.761,1.681,5.25,0.011,0.058,0.5341,,
河北省,海河流域,衡水湖大湖心,2026-07-10 00:00,3,30.19,8.55,7.72,1535.666,24.57,5.8,0.007,0.03,0.676,0.033955,1.402288
河北省,海河流域,南张村,2026-07-10 00:00,1,30.79,8.18,7.96,609.91,6.369,1.81,0.036,0.011,1.9162,,
河北省,海河流域,安州,2026-07-10 00:00,3,31.94,7.49,5.3,1056.881,53.0621,2.21,,0.038,3.006,,
河北省,海河流域,南刘庄,2026-07-10 00:00,3,31.27,7.82,6.55,725.58,7.23,4.35,,0.029,1.331,0.0169,5326706
河北省,海河流域,烧车淀,2026-07-10 00:00,2,30.4,7.77,9.58,542.07,47.91,1.87,0.007,0.021,2.583,0.00435,2029514
河北省,海河流域,圈头,2026-07-10 00:00,2,30.76,8.06,8.5,847.45,1.6139,3.41,,0.015,1.127,0.00271,4861685
河北省,海河流域,光淀张庄,2026-07-10 00:00,2,30.85,7.88,7.16,525.41,6.82,2.74,0.02,0.017,0.899,0.00381,3740076
山西省,黄河流域,韩武村,2026-07-10 00:00,6,30.18,8.11,7.85,1260.55,30.76,10.25,4.755,,6.967,,
山西省,黄河流域,汾河水库出口,2026-07-10 00:00,1,26.96,8.22,11.85,713.244,19.28444,1.77,0.015,,1.5481,0.0105338,308639
山西省,海河流域,堡子湾,2026-07-10 00:00,3,21.19,8.23,5.42,763.417,255.5254,4.99,0.003,0.136,5.5771,,
山西省,海河流域,册田水库出口,2026-07-10 00:00,3,24.52,8.27,5.82,1163.105,24.7272,5.26,0.351,0.095,1.3031,,
山西省,海河流域,古家坡,2026-07-10 00:00,4,28.09,8.54,7.05,759.752,32.98887,7.64,0.018,0.133,1.3701,,
山西省,海河流域,利仁皂,2026-07-10 00:00,3,28.06,8.6,11.2,906.972,118.5234,5.7,0.005,0.105,1.5821,,
山西省,海河流域,闫家庄大桥,2026-07-10 00:00,-1,,,,,,,,,,,
山西省,海河流域,白羊墅,2026-07-10 00:00,5,26.79,7.84,5.56,1803.74,31.713,4.38,0.253,0.366,8.913,,
山西省,海河流域,王家庄,2026-07-10 00:00,1,27.22,8.17,7.9,750.5,22.26,1.98,,0.019,3.463,,
山西省,海河流域,司徒桥,2026-07-10 00:00,6,27.6,7.48,1.9,641.4393,23.1688,3.89,0.036,0.075,0.38,,
山西省,海河流域,关河水库出口,2026-07-10 00:00,4,22.61,7.71,4.18,710.69,7.757,3.32,0.097,0.026,0.9241,,
山西省,海河流域,北寨,2026-07-10 00:00,6,26.43,7.44,1.91,928.04,27.29,6.01,0.558,0.154,3.2683,,
山西省,海河流域,后湾水库出口,2026-07-10 00:00,2,25.11,8.26,9.78,526.83,5.36,2.57,,0.01,1.869,,
山西省,黄河流域,龙头,2026-07-10 00:00,3,25.73,8.09,6.39,595.4,113.51,4.02,,0.051,3.2236,,
山西省,黄河流域,拴驴泉,2026-07-10 00:00,2,26.35,8.15,7.57,759.7163,23.5269,1.5,0.107,0.029,4.7129,,
山西省,海河流域,东榆林水库出口,2026-07-10 00:00,4,24.72,7.81,4.88,683.963,34.07856,4.63,0.018,0.115,1.9421,,
山西省,黄河流域,杀虎口,2026-07-10 00:00,3,23.23,8.28,6.3,530.659,86.32891,4.43,0.016,0.046,1.1291,,
山西省,海河流域,王寨村,2026-07-10 00:00,2,26.43,8.16,6.82,628.368,60.06,1.23,,0.033,2.458,,
山西省,黄河流域,安固桥,2026-07-10 00:00,3,27.222,7.82,5.04,684.404,111.2843,3.34,0.129,0.109,5.0997,,
山西省,黄河流域,王庄桥南,2026-07-10 00:00,5,30.31,7.9,5.87,1673.4,37.46,10.2,0.02,0.078,5.86,,
山西省,黄河流域,郝村,2026-07-10 00:00,3,26.28,7.57,8.34,1230.56,93.598,5.62,,0.119,0.8022,,
山西省,黄河流域,龙门,2026-07-10 00:00,2,26.97,8.17,9.01,1320.042,241.3872,3.4,,0.071,2.693,,
山西省,黄河流域,张留庄,2026-07-10 00:00,4,30.73,8.54,15.5,3777.73,164.296,5.77,0.074,0.204,7.642,,
山西省,黄河流域,上亳城,2026-07-10 00:00,3,28.45,8.06,5.01,813.866,5.088,2.19,,0.019,3.2976,,
山西省,黄河流域,小韩村,2026-07-10 00:00,4,27.5,7.48,7.23,1719.89,63.123,7.13,0.091,0.227,6.542,,
山西省,海河流域,梵王寺,2026-07-10 00:00,2,20.37,7.91,6.45,893.276,310.1373,3.72,0.115,0.078,4.5931,,
山西省,海河流域,代县桥,2026-07-10 00:00,2,23.27,8.17,6.2,817.463,78.2195,2.94,0.257,0.093,4.5721,,
山西省,海河流域,定襄桥,2026-07-10 00:00,5,29.11,8.3,2.43,824.279,24.08038,6.46,0.01,0.277,5.2721,,
山西省,海河流域,南庄,2026-07-10 00:00,2,24.96,8.24,,623.55,189.2376,1.89,,0.072,5.1861,,
山西省,黄河流域,河西村,2026-07-10 00:00,2,24.32,8.37,6.86,684.8,32.31,1.52,0.023,0.069,3.02,,
山西省,黄河流域,上平望,2026-07-10 00:00,4,29.85,7.97,6.98,1276.13,90.01,4.24,0.019,0.209,4.023,,
山西省,黄河流域,黑城村,2026-07-10 00:00,-1,,,,,,,,,,,
山西省,黄河流域,曲立,2026-07-10 00:00,3,23.37,8.07,5.99,597.351,63.05257,2.69,0.022,0.117,4.9391,,
山西省,黄河流域,裴家川口,2026-07-10 00:00,2,25.88,8.29,7.66,466.487,66.92225,2.04,0.001,0.043,3.3021,,
山西省,黄河流域,碛口,2026-07-10 00:00,3,28.62,8.72,5.8,988.529,14.58712,3.72,0.026,0.034,1.2561,,
山西省,黄河流域,裴沟,2026-07-10 00:00,4,27.5,8.43,4.97,811.188,296.755,3.88,0.007,0.166,3.9251,,
山西省,黄河流域,三川河两河口桥,2026-07-10 00:00,3,28.9,8.35,6.35,995.428,223.3984,4.32,0.015,0.199,7.0681,,
山西省,黄河流域,碧村,2026-07-10 00:00,3,28.19,8.15,5.85,718.081,15.93495,2.97,0.017,,4.8761,,
山西省,黄河流域,北峪口,2026-07-10 00:00,2,18.04825,7.88,6.42,495.797,21.34329,2.06,0.009,0.001,2.4851,,
山西省,黄河流域,南姚,2026-07-10 00:00,3,30.5,8.09,7.05,982.68,64.84,5.15,0.21,0.104,3.721,,
内蒙古自治区,松花江流域,根河口内,2026-07-10 00:00,5,19.52,6.62,7.19,78.99,63.19,12.03,0.046,0.066,0.454,,
内蒙古自治区,松花江流域,嵯岗,2026-07-10 00:00,5,24.55,7.27,6.72,172.16,35.17,13.73,,0.134,0.721,,
内蒙古自治区,松花江流域,讷尔克气,2026-07-10 00:00,4,17.51,7.18,8.74,69.374,27.469,6.8,,0.039,0.345,,
辽宁省,辽河流域,于台,2026-07-10 00:00,4,23.6,7.04,3.28,730.454,4.124,4.54,1.167,0.161,7.26,,
辽宁省,辽河流域,巨流河大桥,2026-07-10 00:00,6,22.92,7.62,4.5,415.8,1087.5,13.9,0.068,0.425,4.855,,
辽宁省,辽河流域,麦家,2026-07-10 00:00,4,26.25,7.52,3.15,402.8,29.19,4.82,0.121,0.22,1.266,,
辽宁省,辽河流域,复州湾大桥,2026-07-10 00:00,3,25.7949,7.79,5.21,564.639,124.041,3.52,0.038,0.095,2.039,,
辽宁省,辽河流域,万泰,2026-07-10 00:00,2,25.59,8.63,8.08,149.357,9.80288,2.31,0.067,0.055,1.45411,,
辽宁省,辽河流域,登化,2026-07-10 00:00,5,24.7698,7.69,6.62,554.927,263.254,10.05,0.443,0.372,7.487,,
辽宁省,辽河流域,口子街,2026-07-10 00:00,3,24.34,7.87,5.73,291.6,5.22395,2.47,0.035,0.031,1.458,,
辽宁省,辽河流域,牛庄,2026-07-10 00:00,4,26.353,7.95,4.06,637.896,24.3972,4.09,0.089,0.086,1.25,,
辽宁省,辽河流域,关门山大桥,2026-07-10 00:00,3,19.68,7.73,7.67,265.846,71.839,4.74,0.107,0.1,5.244,,
辽宁省,辽河流域,凤鸣电站,2026-07-10 00:00,2,18.08,7.8,9.13,206.22,28.3,2.94,0.106,0.074,5.712,,
辽宁省,辽河流域,南太子河入库口,2026-07-10 00:00,2,14.12,7.43,10.76,123.6,10.21,1.7,0.015,0.022,4.682,,
辽宁省,辽河流域,江桥,2026-07-10 00:00,3,19.9,7.13,5.97,159,16.63,1.44,0.05,0.039,2.928,,
辽宁省,辽河流域,蒲石河大桥,2026-07-10 00:00,3,20.99,7.32,10.54,251.57,154.893,3.12,0.23,0.12,3.912,,
辽宁省,辽河流域,王家沟,2026-07-10 00:00,2,22.98,7.98,8.37,715.08,39.99,2.61,0.05,0.058,3.956,,
辽宁省,辽河流域,张家堡,2026-07-10 00:00,2,24.68,7.92,6.26,652.91,66.785,3.07,0.087,0.093,3.228,,
辽宁省,辽河流域,女儿河入河口,2026-07-10 00:00,4,25.81,7.47,3.99,747.28,31.72,5.06,0.292,0.243,6.591,,
辽宁省,辽河流域,何家信子,2026-07-10 00:00,2,19.25,7.92,7.69,516.5,20.84,3.47,0.082,0.034,1.184,,
辽宁省,辽河流域,高台子,2026-07-10 00:00,6,17.55,7.61,1.51,793.917,66.437,5.01,,0.176,4.682,,
辽宁省,辽河流域,大清河口,2026-07-10 00:00,4,27.05,8.68,8.32,477.09,59.244,6.47,0.12,0.126,0.997,,
辽宁省,辽河流域,东羊角,2026-07-10 00:00,4,24.13,7.35,4.14,715.6,33.8,5.42,1.466,0.297,7.547,,
辽宁省,辽河流域,下口子,2026-07-10 00:00,2,22.99,7.7,6.35,424.6,44.01,2.69,0.079,0.088,3.118,,
辽宁省,辽河流域,河洪桥,2026-07-10 00:00,4,24.8399,7.58,4.93,698.958,76.3699,5.08,0.456,0.218,6.22,,
辽宁省,辽河流域,二道河水库口,2026-07-10 00:00,2,20.2855,7.89,6.63,298.4,18.2198,3.78,0.017,0.026,3.622,,
辽宁省,辽河流域,下王家,2026-07-10 00:00,2,25.1434,7.64,7.4,411.465,19.7269,2.39,0.164,0.044,3.295,,
辽宁省,辽河流域,汤河桥,2026-07-10 00:00,2,25,7.93,6.96,393.4,8.35989,1.35,0.044,0.038,2.58,,
辽宁省,辽河流域,下达河入汤河水库口,2026-07-10 00:00,3,22.7117,7.88,5.79,447.307,4.546,1.93,0.012,0.02,2.625,,
辽宁省,辽河流域,丁家柳河桥,2026-07-10 00:00,4,25.88,7.52,6.62,1215.33,33.053,9.72,0.231,0.215,1.992,,
辽宁省,辽河流域,盘锦兴安,2026-07-10 00:00,4,22.63,7.72,4.62,476.14,302.42,8.1,,0.226,4.878,,
辽宁省,辽河流域,曙光大桥,2026-07-10 00:00,4,23.95,7.28,4.28,595.01,83.92,5.03,,0.162,4.508,,
辽宁省,辽河流域,胜利塘,2026-07-10 00:00,4,25.25,7.72,4.46,877.96,131.37,7.05,0.155,0.151,2.368,,
辽宁省,辽河流域,鲜峰桥,2026-07-10 00:00,3,26.39,8.37,15.68,505.034,43.173,3.95,,0.141,9.212,,
辽宁省,辽河流域,通江口,2026-07-10 00:00,6,25.21,7.63,4.94,652.04,934.35,10.29,0.448,0.622,7.125,,
辽宁省,辽河流域,柴河水库入库口,2026-07-10 00:00,6,22.34,6.96,5.71,174.92,2146.78,22.89,0.092,1.521,3.87,,
辽宁省,辽河流域,松树水文站,2026-07-10 00:00,-1,,,,,,,,,,,
辽宁省,辽河流域,亮子河入河口,2026-07-10 00:00,6,23.36,7.4,4.03,422.31,868.69,8.84,1.049,0.635,5.553,,
辽宁省,辽河流域,大凌河西支入河口,2026-07-10 00:00,3,18.24,7.99,7.35,947.46,44.107,3.11,,0.119,14.527,,
辽宁省,辽河流域,李家湾大桥,2026-07-10 00:00,6,20.6,7.93,7.52,546.2,739.7,9.52,,0.415,4.203,,
辽宁省,辽河流域,红石碑入海前,2026-07-10 00:00,4,25.38,7.64,6.76,757.895,38.74,5,0.9,0.203,3.226,,
辽宁省,辽河流域,小渔场,2026-07-10 00:00,4,24.83,7.72,4.78,582.569,8.052,2.72,,0.032,4.25,,
吉林省,松花江流域,砖瓦窑桥,2026-07-10 00:00,4,18.16,7.64,3.65,417.51,223.05,7.36,0.076,0.276,2.943,,
吉林省,松花江流域,镇江口,2026-07-10 00:00,3,23.21,7.1,5.33,278.7,174.12,5.55,0.093,0.176,3.969,,
吉林省,松花江流域,靠山大桥,2026-07-10 00:00,6,25.17,7.38,0.87,547.45,161.6,8.05,0.352,0.222,3.89,,
吉林省,松花江流域,饮马河大桥,2026-07-10 00:00,3,20.89,7.86,7.69,291.18,23.62,4.61,0.053,0.067,2.415,,
吉林省,松花江流域,周家河口,2026-07-10 00:00,4,21.79,7.46,8.06,479.93,304.45,6.94,0.042,0.186,2.651,,
吉林省,松花江流域,白旗,2026-07-10 00:00,3,18.4097,7.33,7.93,199.013,76.1463,5.55,0.123,0.157,4.1813,,
吉林省,松花江流域,桦树林,2026-07-10 00:00,6,18.69,6.96,5.03,176.485,746.166,13.55,0.019,0.775,,0.01917,1122300
吉林省,松花江流域,官厅桥,2026-07-10 00:00,3,23.12,7.42,6.33,208.9,73.887,4.01,0.068,0.092,3.797,,
吉林省,松花江流域,蛟河口,2026-07-10 00:00,4,20.357,6.71,8.62,110.501,1314.45,9.4,0.134,0.182,5.598,,
吉林省,松花江流域,哨口,2026-07-10 00:00,2,17.6482,7.33,8.2,194.531,29.8384,3.57,0.053,0.08,3.4419,,
吉林省,松花江流域,烟筒山,2026-07-10 00:00,6,22.23,7.38,7.96,256.297,473.732,11.31,0.442,0.427,10.58,,
吉林省,辽河流域,四双大桥,2026-07-10 00:00,4,24.22,7.44,5.78,488.58,419.58,7.99,,0.238,3.332,,
吉林省,辽河流域,城子上,2026-07-10 00:00,4,23.54,7.66,6.66,495.06,282.46,7.41,0.033,0.274,3.923,,
吉林省,辽河流域,六家子,2026-07-10 00:00,6,22.41,7.53,5.93,573.7,450.7,12.37,0.206,0.759,10.4527,,
吉林省,辽河流域,林家,2026-07-10 00:00,5,23.71,7.48,4.88,733.2238,370.7882,6.77,0.303,0.319,6.006,,
吉林省,辽河流域,河清,2026-07-10 00:00,4,16.07,7.23,4.2,316,772.03,5.8,0.003,0.192,3.791,,
吉林省,辽河流域,民主,2026-07-10 00:00,3,17.534,7.8,9.85,170.6,88.15,4.67,0.113,0.197,6.347,,
吉林省,松花江流域,一统河入口,2026-07-10 00:00,4,23.69,7.06,5.74,226.87,344.32,8.07,0.627,0.247,9.395,,
吉林省,松花江流域,高集岗桥,2026-07-10 00:00,5,22.39,7.38,7.66,214.8,505.826,10.24,0.883,0.325,12.763,,
吉林省,辽河流域,云峰,2026-07-10 00:00,2,16.636,7.16,6,135.476,17.2162,2.31,0.006,0.016,2.289,,
吉林省,辽河流域,老虎哨,2026-07-10 00:00,2,19.588,7.32,7.51,114.82,32.1485,2.32,0.014,0.023,2.398,,
吉林省,辽河流域,鸠谷,2026-07-10 00:00,4,15.8,7.51,9.29,100.3,43.9,7.14,0.04,0.083,1.63,,
吉林省,辽河流域,葫芦套,2026-07-10 00:00,2,21.64,7.82,8.3,127.833,62.105,3.31,0.033,0.081,2.15,,
吉林省,辽河流域,大阳岔,2026-07-10 00:00,2,9.88,7.85,7.84,263.478,33.649,1.78,0.007,0.04,2.124,,
吉林省,松花江流域,月亮湖下,2026-07-10 00:00,3,26.93,8.43,8.33,533.67,65.01,5.47,,0.05,0.862,,
吉林省,松花江流域,圈河,2026-07-10 00:00,4,21.796,7.37,9.06,120.142,214.471,7.22,0.389,0.131,1.97,,
吉林省,松花江流域,大山,2026-07-10 00:00,5,21.38,6.96,6.81,98.741,159.976,10.02,0.095,0.185,5.654,,
吉林省,松花江流域,崇善,2026-07-10 00:00,5,17.07,7.37,10.07,74.166,58.857,14.74,0.037,0.121,2.066,,
吉林省,松花江流域,榆树川,2026-07-10 00:00,4,21.52,7.45,8.23,152.333,77.826,6.94,0.072,0.167,2.644,,
吉林省,松花江流域,磨盘大桥,2026-07-10 00:00,5,23.39,6.98,6.64,229.326,241.122,9,0.249,0.33,6.111,,
吉林省,松花江流域,西崴子,2026-07-10 00:00,5,19.99,7.37,7.86,104.569,280.633,12.79,0.176,0.28,1.554,,
吉林省,松花江流域,石井,2026-07-10 00:00,5,22.77,7.45,6.65,216.456,153.724,11.23,0.32,0.39,10.303,,
吉林省,松花江流域,三家子,2026-07-10 00:00,4,20.81,6.9,8.2,108.495,46.04,6.16,0.049,0.086,1.689,,
吉林省,松花江流域,建封路大桥,2026-07-10 00:00,3,15.15,7.65,9.19,180.398,22.3,4.15,0.039,0.088,0.821,,
黑龙江省,松花江流域,摆渡镇,2026-07-10 00:00,3,24.7,7.46,7.34,202.676,152.722,5.54,0.018,0.18,3.146,,
黑龙江省,松花江流域,苗家,2026-07-10 00:00,4,25.8,7.23,6.14,171.7,179,9.74,0.13,0.253,4.133,,
黑龙江省,松花江流域,磨盘山水库出口,2026-07-10 00:00,3,24.02,8.66,9.54,66.438,2.618,4.29,0.01,0.023,1.987,0.0043,20480
黑龙江省,松花江流域,朱顺屯,2026-07-10 00:00,4,25.1742,7.4,7.15,200.192,144.013,6.22,0.092,0.164,2.033,,
黑龙江省,松花江流域,阿什河口内,2026-07-10 00:00,5,24.348,6.96,2.28,326.14,111.03,6.93,0.341,0.315,4.15,,
黑龙江省,松花江流域,大顶子山,2026-07-10 00:00,3,25.8395,7.44,5.72,206.329,27.1611,4.27,0.079,0.072,3.405,,
黑龙江省,松花江流域,音河水库,2026-07-10 00:00,5,23.01,6.66,3.18,136.22,2251.92,13.34,,0.377,32.235,,
黑龙江省,松花江流域,浏园,2026-07-10 00:00,6,23.62,6.78,4.84,116.4,2643.3,13.61,,0.639,2.73,,
黑龙江省,松花江流域,富源村,2026-07-10 00:00,4,25.71,7.97,8.67,88.16,23.73,9.68,0.022,0.066,0.815,,
黑龙江省,松花江流域,穆棱河口内,2026-07-10 00:00,5,22.23,7.15,2.62,291.332,21.7851,6.15,0.153,0.103,2.3256,,
黑龙江省,松花江流域,名山,2026-07-10 00:00,5,23.259,7.46,7.7,92.631,38.194,12.11,0.074,0.046,0.637,,
黑龙江省,松花江流域,饶河上,2026-07-10 00:00,2,24.21,7.19,7.2,85.3,180.404,3.54,0.07,0.048,0.852,,
黑龙江省,松花江流域,挠力河口内,2026-07-10 00:00,4,25.594,7.64,6.1,269.282,50.233,8.83,0.127,0.169,1.385,,
黑龙江省,松花江流域,肇源,2026-07-10 00:00,4,25.22,7.72,6.17,322.31,93.55,7.61,0.426,0.217,2.276,,
黑龙江省,松花江流域,嫩江口内,2026-07-10 00:00,3,25.76,7.84,6.97,231.897,45.097,5.65,0.034,0.082,0.994,,
黑龙江省,松花江流域,友好,2026-07-10 00:00,5,19.63,7.04,8.33,80.595,21.077,13.79,0.03,0.068,1.507,,
黑龙江省,松花江流域,嘉荫,2026-07-10 00:00,5,23.23,7.35,7.98,85.85,28.527,11.66,0.015,0.048,1.378,,
黑龙江省,松花江流域,双河渠首,2026-07-10 00:00,4,23.1,7.16,7.75,136.6,115.8,6.9,0.018,0.16,3.404,,
黑龙江省,松花江流域,佳木斯下,2026-07-10 00:00,4,23.2455,7.17,5.13,218.466,238.791,6.1,0.097,0.178,3.795,,
黑龙江省,松花江流域,汤旺河口内,2026-07-10 00:00,4,21.643,6.8,7.67,82.433,39.303,9.15,0.071,0.097,3.025,,
黑龙江省,松花江流域,宏克利,2026-07-10 00:00,3,24.13,6.8,6.77,148.8,75.1,5.09,0.104,0.187,3.412,,
黑龙江省,松花江流域,三岔口,2026-07-10 00:00,4,24.23,7.6,7.46,159.004,97.037,6.87,0.152,0.135,1.914,,
黑龙江省,松花江流域,海浪,2026-07-10 00:00,5,20.25,6.84,8.99,85.5,467.24,13.22,0.295,0.339,10.036,,
黑龙江省,松花江流域,三道,2026-07-10 00:00,4,22.09,7.28,6.22,144.44,22.85,4.13,0.032,0.066,2.52,0.055176,30080
黑龙江省,松花江流域,电视塔,2026-07-10 00:00,3,23.93,8.38,8.69,135.9,20.464,5.31,0.043,0.02,2.046,0.00209,16064
黑龙江省,松花江流域,黑河下,2026-07-10 00:00,5,20.93,7.62,7.62,114.2144,39.8677,11.35,,0.07,0.5848,,
黑龙江省,松花江流域,呼玛河口内,2026-07-10 00:00,4,17.2,7.22,9.21,61.768,6.02,9.69,,0.024,0.191,,
黑龙江省,松花江流域,加格达奇上,2026-07-10 00:00,4,15.06,7.06,8.92,61.797,27.7225,6.74,0.003,0.024,0.241,,
上海市,长江流域,富锦路桥,2026-07-10 00:00,6,29.4,7.36,1.69,490.7,55.3,5.16,0.912,0.316,3.653,,
上海市,太湖流域,临江,2026-07-10 00:00,5,29.15,7.38,2.93,513.41,41.75,4.34,0.075,0.144,1.792,,
上海市,太湖流域,闵行西界,2026-07-10 00:00,4,29.97,7.35,3.45,508.33,21.01,3.96,,0.105,1.843,,
上海市,太湖流域,吴淞口,2026-07-10 00:00,5,28.372,7.41,2.73,497.756,25.526,2.16,,0.091,2.145,,
上海市,太湖流域,蕴川路桥,2026-07-10 00:00,5,28.89,7.25,2.54,512.79,72.74,4.23,0.737,0.227,3.747,,
上海市,太湖流域,三甲港,2026-07-10 00:00,4,28.6,7.48,4.41,417.4,267.15,3.64,0.679,0.175,2.416,,
上海市,太湖流域,急水港桥,2026-07-10 00:00,4,29.1,7.4,4.99,532.3,14.6,3.68,0.018,0.073,1.413,0.0167,4424000
江苏省,长江流域,七桥瓮,2026-07-10 00:00,4,29.13,7.13,3.78,437.81,33.83,5.8,0.426,0.114,1.782,,
江苏省,长江流域,节制闸,2026-07-10 00:00,4,29.48,8.55,25.63,399.47,15.58,7.66,0.002,0.083,1.536,,
江苏省,长江流域,钱家渡,2026-07-10 00:00,2,28.95,7.73,6.87,291.71,53.21,3.37,,0.062,2.149,,
江苏省,太湖流域,锡东水厂,2026-07-10 00:00,2,30.21,8.38,7.55,437.98,17.01,2,0.004,0.022,0.267,0.00285,2769470
江苏省,太湖流域,兰山嘴,2026-07-10 00:00,4,28.58,8.87,8.25,407.7,61.68,6.18,0.02,0.087,1.565,0.00688,1.98038
江苏省,太湖流域,蠡桥,2026-07-10 00:00,2,29.81,8.47,7.54,531.63,21.37,3.31,0.191,0.045,0.722,,
江苏省,太湖流域,百渎港桥,2026-07-10 00:00,4,30.84,8.24,7.14,388.9,67.12,7.48,0.017,0.17,2.219,,
江苏省,太湖流域,大浦港桥,2026-07-10 00:00,4,29.86,7.42,4.46,413.6,53.3,5.36,0.007,0.097,2.523,,
江苏省,太湖流域,五牧,2026-07-10 00:00,3,34.2,7.04,5.01,471.24,25.35,4.49,0.268,0.162,2.879,,
江苏省,太湖流域,拖山,2026-07-10 00:00,4,30.12,8.72,7.68,440.24,44.4,4.33,,0.056,0.912,0.01758,1.570376
江苏省,太湖流域,五里湖心,2026-07-10 00:00,3,30.17,8.75,9.08,487.48,11.17666,3.07,,0.044,0.358,0.00714,1.182659
江苏省,太湖流域,金潼桥,2026-07-10 00:00,4,29.85,7.54,4.62,560.9,82.01,5.08,0.313,0.166,3.384,,
江苏省,太湖流域,大港桥,2026-07-10 00:00,1,24.7,6.7,8.25,126.4,2.53,0.99,0.035,0.014,4.088,,
江苏省,太湖流域,长济桥,2026-07-10 00:00,3,27.8,7.71,5.82,302.4,21.28,1.85,0.04,0.092,1.713,,
江苏省,太湖流域,钓邾大桥,2026-07-10 00:00,3,28.98,7.64,5.77,518.45,16.29,5.03,0.088,0.114,1.687,,
江苏省,长江流域,小湾,2026-07-10 00:00,3,26.92,7.77,5.67,289.51,36.04,1.95,,0.07,1.723,,
江苏省,淮河流域,港上桥,2026-07-10 00:00,3,28.55,8.45,11.27,767,8.14,5.7,0.045,0.054,1.18,,
江苏省,淮河流域,李庄,2026-07-10 00:00,3,28.57,8.12,8.3,1340.6,26.5,4.38,0.108,0.139,2.707,,
江苏省,淮河流域,华山闸,2026-07-10 00:00,3,30.36,8.66,9.89,1167.5,9.99,5.75,0.011,0.066,0.75,,
江苏省,淮河流域,沙庄桥,2026-07-10 00:00,4,30.79,8.46,11.3,1437,22,7.19,0.128,0.098,1.85,,
江苏省,淮河流域,艾山西大桥,2026-07-10 00:00,4,29.187,7.54,7.8,690.71,30.653,9.15,1.437,0.295,13.12,,
江苏省,淮河流域,下楼公路桥,2026-07-10 00:00,4,27.58,7.28,8,927.32,8.23,7.13,0.169,0.28,2.6625,,
江苏省,长江流域,魏村,2026-07-10 00:00,2,27.23,7.71,6.02,295.42,35.93,1.99,,0.091,1.965,,
江苏省,太湖流域,姚巷桥,2026-07-10 00:00,3,29.82,7.63,6.95,416.91,10.3,5.49,0.158,0.125,7.075,,
江苏省,太湖流域,黄埝桥,2026-07-10 00:00,5,29.69,7.47,3.69,520.4,14.58,9.52,1.997,0.239,4.305,,
江苏省,太湖流域,落蓬湾,2026-07-10 00:00,3,29.45,7.98,6.6,306.4,18.8,4.1,0.093,0.044,1.043,,
江苏省,太湖流域,九号桥,2026-07-10 00:00,3,29,8.7,,456.8,19.9,5.4,0.12,0.115,2.548,,
江苏省,太湖流域,胥湖心,2026-07-10 00:00,2,29.78,,8.91,385.51,6.24,1.57,0.006,0.013,0.331,0.0009,523476
江苏省,太湖流域,乌龟山南,2026-07-10 00:00,2,29.38,8.21,7.29,444.135,5.586,1.69,,0.021,0.468,0.002,4131294
江苏省,太湖流域,望亭上游,2026-07-10 00:00,3,28.72,7.47,5.77,567.13,13.19,2.98,0.454,0.174,3.533,,
江苏省,太湖流域,千灯浦口,2026-07-10 00:00,3,29.11,7.6,5.2,594.632,48.729,5.35,0.088,0.143,1.1986,,
江苏省,太湖流域,朱厍港口,2026-07-10 00:00,5,28.4,7.1,2.59,599,37.2,3.59,,0.074,0.987,,
江苏省,太湖流域,浏河闸,2026-07-10 00:00,5,29.91,7.38,2.5,628.697,27.413,3.93,0.202,0.133,2.4635,,
江苏省,太湖流域,江边闸,2026-07-10 00:00,2,29.52,8.04,6.49,507.6,27.89,3.03,0.061,0.076,1.128,,
江苏省,太湖流域,瓜泾口西,2026-07-10 00:00,2,30.17,8.27,7.43,457.7,4.37,2.59,0.004,0.021,0.703,,
江苏省,太湖流域,航管站,2026-07-10 00:00,2,30.88,8.16,6.46,450.24,11.77,2.02,,0.014,0.752,,
江苏省,太湖流域,越溪桥,2026-07-10 00:00,4,29.38,7.31,3.3,445.7,25.9,5.96,0.734,0.153,3.255,,
江苏省,太湖流域,赵屯,2026-07-10 00:00,4,29.09,7.42,4.65,718.035,38.477,5.21,0.134,0.232,2.8361,,
江苏省,长江流域,九圩港桥,2026-07-10 00:00,3,27.26,7.65,5.12,293.2,56.13,1.74,0.014,0.072,1.518,,
江苏省,长江流域,碾砣港闸,2026-07-10 00:00,3,29.71,8.8,16.34,335,24.95,4.36,0.012,0.095,2.425,,
江苏省,长江流域,聚南大桥,2026-07-10 00:00,6,29.45,7.37,1.09,726.1,310.43,6.04,0.393,0.239,2.395,,
江苏省,长江流域,大洋港桥,2026-07-10 00:00,6,28.96,7.37,1.55,608,21.96,4.76,0.123,0.383,2.532,,
江苏省,长江流域,塘芦港闸,2026-07-10 00:00,5,29.206,7.46,2.53,1170.62,68.041,4.77,0.428,0.202,2.57,,
江苏省,淮河流域,小洋口,2026-07-10 00:00,6,28.54,7.32,2.45,881.3,15.4,8.99,1.211,0.406,3.94,,
江苏省,淮河流域,环东闸口,2026-07-10 00:00,6,28.36,7.37,3.17,683.8,37.21,8.03,1.761,0.48,3.866,,
江苏省,淮河流域,北凌新闸,2026-07-10 00:00,6,28.97,7.47,2.53,1086.9,22.11,11.88,1.73,0.499,5.327,,
江苏省,淮河流域,总渠苏嘴,2026-07-10 00:00,4,26.07,7.45,4.49,409.85,121.1,3.36,0.301,0.166,2.079,,
江苏省,淮河流域,唐曹,2026-07-10 00:00,5,27.22,7.2,2.53,520.1,107.47,5.87,0.676,0.239,1.065,,
江苏省,淮河流域,槐泗河口,2026-07-10 00:00,4,29.25,8.26,7.97,577,133.93,6.23,0.13,0.137,2.162,,
江苏省,淮河流域,大运河船闸,2026-07-10 00:00,4,28.93,7.74,5.03,539.6,75.7,6.41,0.294,0.141,2.641,,
江苏省,长江流域,冻青桥,2026-07-10 00:00,3,29.43,7.98,7.54,527.1,39.42,5.5,0.876,0.181,2.564,,
江苏省,长江流域,小河口上游,2026-07-10 00:00,3,26.87,7.67,5.65,294,46.07,2.18,0.089,0.074,1.622,,
江苏省,淮河流域,曹庄桥,2026-07-10 00:00,4,29.41,7.32,4.18,529.5,14.35,8.55,0.654,0.299,2.464,,
江苏省,太湖流域,辛丰镇,2026-07-10 00:00,4,28.79,7.54,4.05,343.5,15.85,2.39,0.525,0.129,2.494,,
江苏省,太湖流域,林家闸,2026-07-10 00:00,2,27.08,7.65,6.74,286.1,17.82,1.97,,0.061,1.7852,,
江苏省,长江流域,新河桥,2026-07-10 00:00,3,30.25,7.46,6.46,417.5,3.73,5.36,0.945,0.115,2.9,,
江苏省,太湖流域,新港桥,2026-07-10 00:00,2,30.57,8.4,12.85,283.3,4.8,2.99,0.016,0.032,0.616,,
江苏省,太湖流域,吕城,2026-07-10 00:00,4,29.35,7.27,3.29,426.08,14.88,5.99,0.8,0.165,3.54,,
江苏省,淮河流域,海陵大桥,2026-07-10 00:00,4,28.96,7.5,4.25,494.6,17.96,5.54,0.081,0.124,2.382,,
江苏省,长江流域,马甸闸西,2026-07-10 00:00,4,30.35,8.27,13.48,445.3,23.48,6.54,0.355,0.139,2.564,,
江苏省,长江流域,祥和大桥,2026-07-10 00:00,4,28.79,7.32,3.07,375,8.39,2.78,0.324,0.126,1.936,,
江苏省,长江流域,新十圩港大桥,2026-07-10 00:00,2,28.81,8.37,10.69,316.1,44.15,3.18,0.019,0.078,1.749,,
江苏省,淮河流域,临淮乡入湖口,2026-07-10 00:00,4,31.92,8.39,8.16,780.7,33.95,7.3,0.099,0.106,1.87,,
江苏省,淮河流域,砖瓦厂,2026-07-10 00:00,4,30.65,8.49,12.03,679.7,48.81,6.87,,0.134,1.016,,
江苏省,淮河流域,团结闸,2026-07-10 00:00,4,31.04,8.57,8.14,1098.6,26.4,6.36,0.036,0.055,2.056,,
江苏省,淮河流域,大屈,2026-07-10 00:00,5,30.75,7.71,8.31,776.64,26.07,11.8,0.202,0.184,4.941,,
浙江省,浙闽片河流,小金山,2026-07-10 00:00,2,29.04,,12.12,131.688,3.908,2.12,0.015,0.024,0.8928,,
浙江省,浙闽片河流,三潭岛,2026-07-10 00:00,2,28.65,,11.48,125.021,3.274,1.7,0.005,0.017,0.6105,,
浙江省,浙闽片河流,千岛湖大坝前,2026-07-10 00:00,1,30.12,,9.18,125.728,1.617,1.2,0.019,0.006,0.552,,
浙江省,浙闽片河流,桐君山,2026-07-10 00:00,2,25.02,7.13,7.16,136.6,12.5,1.82,0.053,0.061,2.12,,
浙江省,浙闽片河流,洋溪渡,2026-07-10 00:00,2,15.67,7.1,6.21,154.665,19.012,1.11,,0.022,0.7437,,
浙江省,浙闽片河流,桐庐,2026-07-10 00:00,2,24.88,7.3,7.43,172.9,19.1,1.36,0.022,0.086,1.843,,
浙江省,浙闽片河流,水车,2026-07-10 00:00,2,30.679,7.44,6.48,329.872,7.309,2.13,0.02,0.026,1.385,,
浙江省,浙闽片河流,梁桥,2026-07-10 00:00,2,29.71,6.96,6.91,111.12,5.92,1.46,0.021,0.076,2.108,,
浙江省,浙闽片河流,小旦,2026-07-10 00:00,2,25.13127,6.43,7.21,59.53549,18.04548,0.99,0.056,0.028,0.883395,,
浙江省,浙闽片河流,蒲岐,2026-07-10 00:00,6,31.99,7.07,3.94,244.7,110.1,7.53,0.13,0.508,2.651528,,
浙江省,浙闽片河流,沙头,2026-07-10 00:00,1,30.46,7.57,8.22,42.446,1.497,1.74,0.04,0.013,0.6699,,
浙江省,太湖流域,杨家浦,2026-07-10 00:00,4,27.64545,7.23,4.04,251.2009,33.72906,3.94,0.061,0.097,3.004399,,
浙江省,浙闽片河流,曹娥江大闸闸前,2026-07-10 00:00,4,30.253,7.35,4.37,333.6,9.493,4.03,0.061,0.069,2.239,,
浙江省,浙闽片河流,屠家埠,2026-07-10 00:00,2,23.758,7.7,8.24,,4.49,3.59,0.186,0.082,2.723,,
浙江省,浙闽片河流,葛山头,2026-07-10 00:00,3,31.13,7.24,5.56,245.03,40.33,3.43,0.148,0.061,2.691,,
浙江省,浙闽片河流,义东桥,2026-07-10 00:00,3,30.016,7.5,6.89,273.008,35.054,3.51,0.081,0.139,2.905,,
浙江省,浙闽片河流,塔下洲,2026-07-10 00:00,3,31.17,7.42,7.29,370.131,31.002,4.66,0.111,0.137,2.9051,,
浙江省,浙闽片河流,东关桥,2026-07-10 00:00,3,32.397,7.36,6.6,376.448,6.924,3.71,0.027,0.148,2.801,,
浙江省,浙闽片河流,台口,2026-07-10 00:00,2,30.08,8.2,6.47,141.501,17.28,1.81,0.041,0.073,1.2042,,
浙江省,浙闽片河流,南江桥,2026-07-10 00:00,3,29.7,7.68,5.8,266.159,10.76,3.12,0.018,0.136,1.9455,,
浙江省,浙闽片河流,横山,2026-07-10 00:00,2,29.3,7.35,6.26,182.109,7.921,1.86,0.064,0.06,1.5153,,
浙江省,浙闽片河流,章店,2026-07-10 00:00,4,32.35,8.64,4.13,267.584,6.428,5.27,0.043,0.194,2.1535,,
浙江省,浙闽片河流,长潭水库坝口,2026-07-10 00:00,2,30.896,,9.05,54.076,1.741,2.05,0.005,0.012,0.272,,
浙江省,浙闽片河流,老鼠屿,2026-07-10 00:00,3,29.98,7.76,5.3,13208.3,834.102,3.56,0.04,0.077,1.795,,
浙江省,浙闽片河流,金清新闸,2026-07-10 00:00,3,29.48,7.57,5.3,2839.954,14.31,5.12,0.246,0.175,2.4993,,
浙江省,浙闽片河流,里石门水库,2026-07-10 00:00,2,31.5,,9.56,73.109,1.251,2.63,0.011,0.012,0.583,0.00303,468172.5
浙江省,浙闽片河流,温峤,2026-07-10 00:00,3,31.701,8.82,15.51,739.655,12.815,4.02,0.024,0.115,1.88,,
浙江省,浙闽片河流,永宁江口,2026-07-10 00:00,4,31.01,6.54,4.01,201.56,15.685,3.28,0.215,0.094,1.9582,,
浙江省,浙闽片河流,沙段,2026-07-10 00:00,2,30.39,7.22,6.64,139.334,4.451,3.69,0.014,0.083,2.0919,,
浙江省,浙闽片河流,柏枝岙,2026-07-10 00:00,2,29.906,7.07,7.14,94.504,7.733,1.45,0.011,0.046,1.571,,
浙江省,浙闽片河流,沙湾上,2026-07-10 00:00,1,24.28,7.35,8.39,29.35,2.754,1.13,0.076,0.012,0.336,,
浙江省,浙闽片河流,小溪口,2026-07-10 00:00,2,22.49,6.76,7.12,34.138,5.914,1.31,,0.015,0.5113,,
安徽省,巢湖流域,三胜大队渡口,2026-07-10 00:00,4,29.31,7.34,3.95,441.823,22.4175,4.24,0.196,0.093,5.0168,,
安徽省,巢湖流域,兆河入湖口渡口,2026-07-10 00:00,4,29.09,7.34,6.03,366.23,23.5627,6.76,0.198,0.047,2.2187,,
安徽省,巢湖流域,牛角大圩,2026-07-10 00:00,4,29.14,7.68,4.93,464.674,46.3098,4.69,,0.088,2.201,,
安徽省,巢湖流域,北闸渡口,2026-07-10 00:00,2,28.201,6.54,6.63,177.694,45.619,3.58,0.199,0.078,2.576,,
安徽省,巢湖流域,希望桥,2026-07-10 00:00,3,29.8,7.75,8.95,451.8,12.1,4.33,0.087,,5.915,,
安徽省,巢湖流域,石堆渡口,2026-07-10 00:00,5,27.77,6.89,2.7,286.8257,40.9901,5.71,0.174,0.108,2.5831,,
安徽省,巢湖流域,柘皋大桥,2026-07-10 00:00,3,31.2,8.41,8.67,429.3411,56.1268,5.11,0.076,0.092,0.8363,,
安徽省,巢湖流域,黄麓,2026-07-10 00:00,3,29.07,8.64,8.57,418.09,31.685,4.33,,0.049,0.64,0.01603,2888856
安徽省,巢湖流域,三河镇大桥,2026-07-10 00:00,5,29.17,6.86,2.11,320.283,30.39,5.12,0.306,0.098,2.569,,
安徽省,巢湖流域,三河镇新大桥,2026-07-10 00:00,3,28.72,7.04,5.25,117.2,15.19,3.5,0.139,0.064,1.92,,
安徽省,巢湖流域,施口,2026-07-10 00:00,6,29.14,7.26,1.87,631.552,53.4008,5.65,1.001,0.183,6.856,,
安徽省,巢湖流域,靠近大坝,2026-07-10 00:00,2,29.08,8.44,7.92,146.66,3.71,2.27,,0.014,0.726,0.01274,2741361
安徽省,巢湖流域,新河入湖区,2026-07-10 00:00,4,27.66,,10.06,347.49,81.07,7.73,,,0.663,0.00317,1.887128
安徽省,巢湖流域,西半湖湖心,2026-07-10 00:00,5,29.14,7.91,7.17,426.13,179.75,5.55,,0.176,1.003,0.00374,1.39008
安徽省,巢湖流域,龟山,2026-07-10 00:00,4,30.21,8.48,9.33,441.16,36.24,3.28,,0.054,0.782,0.0108,1.05905
安徽省,巢湖流域,东半湖湖心,2026-07-10 00:00,2,29.284,8.91,7.54,460.047,21.922,3.51,,,0.585,0.00584,5722126
安徽省,巢湖流域,忠庙,2026-07-10 00:00,4,29.24,8.85,7.99,369.16,107.19,6.15,,0.09,1.001,0.00093,1.57545
安徽省,巢湖流域,兆河入湖区,2026-07-10 00:00,3,28.41,8.7,8.99,413.23,54.57,4.94,0.023,0.028,0.423,0.00662,6727926
安徽省,巢湖流域,双桥河入湖口,2026-07-10 00:00,3,29.87,7.6,5.54,448.9577,27.38,3.64,0.13,0.084,1.7843,,
安徽省,巢湖流域,繁华大道桥,2026-07-10 00:00,5,29.49,7.1,2.25,492.7811,20.8072,6.28,0.406,0.144,4.057,,
安徽省,长江流域,东西梁山,2026-07-10 00:00,3,26.96,7.74,5.85,277.7754,52.0626,2.21,0.13,0.088,1.9859,,
安徽省,长江流域,宝塔根,2026-07-10 00:00,2,25.75,6.98,6.27,102.8909,30.1247,2.7,0.06,0.06,1.5874,,
安徽省,巢湖流域,裕溪口,2026-07-10 00:00,3,27.43,7.58,5.87,316.9337,16.5045,2.58,0.04,0.06,1.4452,,
安徽省,长江流域,荻港,2026-07-10 00:00,2,28.65,7.7,8.75,310.8,7.5995,3.54,0.006,0.063,2.4355,,
安徽省,长江流域,澛港桥,2026-07-10 00:00,2,25.85,7.22,6.37,122.4571,21.8735,3.18,0.079,0.059,1.839,,
安徽省,长江流域,西河入裕溪河口,2026-07-10 00:00,4,30.1,7.14,3.62,393.148,30.9751,6.66,0.192,0.08,1.3226,,
安徽省,淮河流域,沫河口,2026-07-10 00:00,4,27.43,7.62,3.34,404.4733,56.32,4.67,0.105,0.201,1.18,,
安徽省,淮河流域,蚌埠固镇,2026-07-10 00:00,3,29.01,8.1,7.5,1759.126,25.83,5.2,0.005,0.094,1.1964,,
安徽省,长江流域,得胜河入江口,2026-07-10 00:00,3,27.4758,7.46,5.49,376.1,13.9581,5.47,0.129,0.092,2.0313,,
安徽省,长江流域,姑溪河大桥,2026-07-10 00:00,2,27.45,7.15,7.32,218.6801,39.6706,3.23,,0.062,8.147,,
安徽省,长江流域,当涂查湾,2026-07-10 00:00,3,27.58,7.01,5.55,192.2114,22.5958,2.97,,0.06,2.068,,
安徽省,长江流域,雨山河下游,2026-07-10 00:00,3,29.7253,7.36,5.89,706.9262,18.124,3.35,0.219,0.159,5.7398,,
安徽省,淮河流域,小王桥,2026-07-10 00:00,3,30.02,8.04,8.49,1722.25,18.45,5.65,0.017,0.082,0.969,,
安徽省,淮河流域,李大桥闸,2026-07-10 00:00,4,28.65,8.38,4.69,1430.35,5.717,6.5,0.054,0.059,0.7064,,
安徽省,长江流域,太平湖湖心,2026-07-10 00:00,2,27.41,8.98,10.02,92.38,4.25,2.66,0.005,0.016,0.729,0.00693,7399828
安徽省,淮河流域,天长化工厂,2026-07-10 00:00,6,28.87,6.88,1.38,651.6162,37.17,6.56,0.598,0.1,3.1989,,
安徽省,淮河流域,公路桥,2026-07-10 00:00,5,28.54,6.93,2.64,417.2315,88.7928,7.27,0.454,0.178,2.9734,,
安徽省,淮河流域,小柳巷,2026-07-10 00:00,4,28.19,7.15,4.59,418.15,184.275,5.41,0.182,0.194,1.819,,
安徽省,长江流域,襄河大桥,2026-07-10 00:00,4,30.59,7.84,8.62,553.7348,27.4466,8.11,0.137,0.092,2.098,,
安徽省,淮河流域,张大桥,2026-07-10 00:00,4,31.7,8.29,6.66,1174.56,188.88,6.7,0.119,0.075,1.1825,,
安徽省,淮河流域,王家坝,2026-07-10 00:00,3,28.61,7.21,5.35,184.7,56.712,4.38,0.22,0.091,2.697,,
安徽省,淮河流域,界首七渡口,2026-07-10 00:00,4,31.21,7.54,3.94,892.9,21.35,2.94,0.445,0.144,2.911,,
安徽省,淮河流域,芦岭桥,2026-07-10 00:00,3,30.47,8.65,10.8,1195.123,14.9,5.21,0.047,0.061,1.111,,
安徽省,淮河流域,利辛段,2026-07-10 00:00,3,30.6,8.62,9.97,876.88,8.18,5.75,0.023,0.049,0.779,,
安徽省,长江流域,南漪湖西湖湖心,2026-07-10 00:00,4,29.07,8.58,7.14,197.62,9.42,5.07,0.066,0.063,1.519,0.01433,4874917
安徽省,长江流域,汪溪,2026-07-10 00:00,2,23.36,7.61,8.48,145.2483,15.7807,1.49,0.041,0.073,1.5792,,
安徽省,长江流域,狮子口,2026-07-10 00:00,3,27.8,7.35,6.31,238.102,33.948,3.53,0.194,0.125,2.43,,
福建省,浙闽片河流,永泰横龙,2026-07-10 00:00,2,31.12,8.59,8.38,39.179,3.698,1.79,0.016,0.025,0.471,,
福建省,浙闽片河流,闽清雄江,2026-07-10 00:00,6,32,9.06,9.89,98.304,4.25,2.8,0.02,0.036,1.118,,
福建省,浙闽片河流,隘头潭,2026-07-10 00:00,2,30.87,6.38,6.3,193.583,1.709,1.56,0.08,0.061,0.4538,,
福建省,浙闽片河流,尤溪拥口大桥,2026-07-10 00:00,4,28.85,6.88,4.16,102.718,2.729,2.72,0.124,0.047,1.4607,,
福建省,浙闽片河流,南安康美桥,2026-07-10 00:00,2,27.01,7.09,7.47,129.141,13.028,2.31,0.122,0.074,2.0224,,
福建省,浙闽片河流,永春东关桥,2026-07-10 00:00,2,29.44,6.98,7.05,114.8566,8.763917,1.69,0.023,0.057,2.058,,
福建省,浙闽片河流,安溪罗内桥,2026-07-10 00:00,2,30.513,7.29,6.88,115.6,11.044,1.25,0.182,0.079,2.216,,
福建省,浙闽片河流,南安霞东桥,2026-07-10 00:00,2,31.24,7.3,6.26,139.801,14.724,1.45,0.063,0.059,2.3386,,
福建省,浙闽片河流,华安西陂,2026-07-10 00:00,2,26.87287,7.06,6.45,191.8525,26.4964,1.42,0.092,0.065,1.335,,
福建省,浙闽片河流,南靖靖城桥,2026-07-10 00:00,2,29.7,6.45,6.35,150,24.66,2.02,0.096,0.069,6.942,,
福建省,浙闽片河流,诏安澳子头,2026-07-10 00:00,3,32.47,7.22,7.49,109.743,2.078,3.21,0.097,0.143,1.0035,,
福建省,浙闽片河流,南靖洪濑汤坑桥,2026-07-10 00:00,3,29.607,6.56,6.92,204.1,14.172,1.54,0.041,0.134,15.056,,
福建省,浙闽片河流,浦南水文站,2026-07-10 00:00,2,28.196,7.09,6.99,166.7,36.149,1.12,0.037,0.072,1.764,,
福建省,浙闽片河流,南溪浮宫桥,2026-07-10 00:00,5,32.22,6.83,2.25,843.561,186.532,2.42,0.103,0.118,2.8765,,
福建省,浙闽片河流,上坂,2026-07-10 00:00,3,30.93,6.43,5.94,175.961,16.574,2.27,0.194,0.112,4.8429,,
福建省,浙闽片河流,云霄高塘渡口,2026-07-10 00:00,4,29.27,6.73,4.47,155.616,11.138,1.3,0.164,0.162,5.7077,,
福建省,浙闽片河流,水汾桥,2026-07-10 00:00,4,29.51,6.79,4.43,191.57,15.65,1.9,0.046,0.046,1.579,,
福建省,浙闽片河流,建瓯蓬墩,2026-07-10 00:00,2,31.175,6.83,6.83,60.13,9.99,1.72,0.008,0.038,0.979,,
福建省,浙闽片河流,将乐樟应,2026-07-10 00:00,2,29.40973,6.8,6.09,61.06,4.17632,2.12,0.093,0.034,0.856,,
福建省,浙闽片河流,建阳坪州大桥,2026-07-10 00:00,2,31.9,7.14,7.04,99.05,9.822,2.16,0.012,0.046,1.426,,
福建省,浙闽片河流,雁石桥,2026-07-10 00:00,2,26.5,7.48,8.63,251.873,21.715,1.05,0.024,0.066,1.695,,
福建省,珠江流域,长汀美西桥,2026-07-10 00:00,2,27.59,7.07,6.36,157.461,5.309,2.33,0.132,0.096,1.2389,,
福建省,浙闽片河流,八都,2026-07-10 00:00,2,24.53,6.83,7.66,40.956,6.889,2.08,,0.054,1.148,,
福建省,浙闽片河流,福安白塔,2026-07-10 00:00,2,27.651,7.24,7.54,43.04,22.87,1.05,0.007,0.074,1.178,,
江西省,长江流域,大港,2026-07-10 00:00,3,29.66,6.8,5.67,169.61,23.56,1.61,,0.066,1.642,,
江西省,长江流域,滁槎,2026-07-10 00:00,3,29.39,6.16,5.26,181.65,12.15,2.19,0.045,0.096,1.861,,
江西省,长江流域,昌邑,2026-07-10 00:00,2,28.98,7.89,6.44,164.15,11.65,2,,0.062,1.795,,
江西省,长江流域,八一桥,2026-07-10 00:00,3,29.74,7.32,5.83,138.552,16.748,2.45,0.191,0.089,1.4017,,
江西省,长江流域,焦石坝,2026-07-10 00:00,2,28.37,7.62,8.37,106.37,16.7,3.19,,0.057,1.5895,,
江西省,长江流域,戴村,2026-07-10 00:00,2,25.772,7.1,7.48,200.62,14.89,1.14,0.026,0.035,0.911,,
江西省,长江流域,龙山口,2026-07-10 00:00,2,28.31,8.08,7.12,264.966,9.17,2.48,0.018,0.054,0.9176,,
江西省,长江流域,桐车湾,2026-07-10 00:00,3,28.51,7.81,5.62,456.326,17.302,2.38,0.036,0.103,2.2174,,
江西省,长江流域,金鱼石,2026-07-10 00:00,3,29.51,7.66,5.53,366.21,5.98,1.83,0.023,0.096,2.332,,
江西省,长江流域,吴城修河,2026-07-10 00:00,2,25.481,6.9,6.91,100.64,14.53,1.79,0.025,0.028,1.149,,
江西省,长江流域,姚港,2026-07-10 00:00,2,26.64,7.34,6.54,340.5,25.59,2.34,0.126,0.086,1.507,,
江西省,长江流域,潦河河口,2026-07-10 00:00,2,26.23,6.8,7.32,71.04,25.922,1.95,0.068,0.05,1.1386,,
江西省,长江流域,柘林湖坝上,2026-07-10 00:00,1,28.078,8.12,10.52,107.7,0.687,1.9,0.009,0.01,0.809,,
江西省,长江流域,共青城寨下,2026-07-10 00:00,2,27.8,7.23,6.3,239.8,23.9,3.06,0.103,0.069,1.879,,
江西省,长江流域,孔目江江口,2026-07-10 00:00,2,28.07,7.73,7.22,341.676,8.049,1.93,0.015,0.052,1.4168,,
江西省,长江流域,浮桥,2026-07-10 00:00,2,29.2,7.84,6.52,220.124,12.04,3.55,0.121,0.071,1.4101,,
江西省,长江流域,傣家村,2026-07-10 00:00,3,29.08,8.43,6.42,201.081,6.771,4.02,0.092,0.046,1.2907,0.02292,1.675377
江西省,长江流域,炭埠周家,2026-07-10 00:00,3,28.94,6.48,5.38,121.22,6.18,2.43,,0.072,2.191,,
江西省,长江流域,白塔河河口,2026-07-10 00:00,2,28.43,6.84,6.69,80.321,6.231,2.7,0.106,0.058,1.0968,,
江西省,长江流域,土桥,2026-07-10 00:00,2,27.87,7.2,6.42,134.896,5.868,2.89,0.064,0.074,1.4687,,
江西省,长江流域,流口村,2026-07-10 00:00,3,28.8,6.82,5.41,141.099,11.43787,2.26,0.028,0.09,1.827781,,
江西省,长江流域,市自来水厂,2026-07-10 00:00,2,27.57,7.07,7.48,93.02,9.589,1.46,0.102,0.04,0.9766,,
江西省,长江流域,新庙前,2026-07-10 00:00,2,28.96,7.3,7.43,133.422,24.653,1.92,0.042,0.045,1.5347,,
江西省,长江流域,赣县梅林,2026-07-10 00:00,2,29.74,7.69,7.31,140.472,6.304,2.22,,0.1,1.5444,,
江西省,长江流域,梓坑,2026-07-10 00:00,3,29.35,7.23,5.51,128.352,10.55,3.39,0.008,0.113,1.9079,,
江西省,长江流域,峡山,2026-07-10 00:00,3,30.41,7.34,6.78,125.124,3.233,1.88,0.082,0.12,1.422,,
江西省,长江流域,梅江江口,2026-07-10 00:00,2,30.63,7.59,7.46,108.022,10.836,2.02,0.101,0.075,0.9448,,
江西省,长江流域,平江江口,2026-07-10 00:00,2,29.08,7.33,7.69,125.328,17.39,2.18,0.177,0.055,0.6738,,
江西省,长江流域,上犹江江口,2026-07-10 00:00,2,26.31,7.09,7.17,80.912,9.98,2.06,0.067,0.021,0.7992,,
江西省,长江流域,龙南自来水厂,2026-07-10 00:00,2,27.71,7.43,7.25,98.294,34.594,1.62,0.082,0.036,0.827,,
江西省,长江流域,大余城郊,2026-07-10 00:00,3,25.47,7.1,7.19,79.67,43.717,1.18,0.008,0.131,1.1116,,
江西省,珠江流域,兴宁电站,2026-07-10 00:00,6,29.72,9.12,17.88,100.122,2.653482,2.84,0.003,0.028,2.447667,,
江西省,长江流域,通津,2026-07-10 00:00,2,28.54,7.37,7.53,125.964,9.841,1.31,0.066,0.048,1.303,,
江西省,长江流域,金滩,2026-07-10 00:00,2,35.39,8.44,6.99,,27.106,1.4,0.08,0.056,1.3093,,
江西省,长江流域,孤江江口,2026-07-10 00:00,2,30.59,7.41,7.18,95.452,4.975,2.3,0.008,0.033,0.5486,,
江西省,长江流域,禾水河口,2026-07-10 00:00,2,28.27,7.46,6.75,137.121,9.486,2.54,0.053,0.046,0.9183,,
江西省,长江流域,蜀水河口,2026-07-10 00:00,2,29.46,7.25,7.92,99.853,11.351,1.77,0.094,0.052,0.9667,,
江西省,长江流域,乌江江口,2026-07-10 00:00,2,30.97,7.86,8.88,135.611,7.352,2.72,0.124,0.056,1.0537,,
江西省,长江流域,大洋洲,2026-07-10 00:00,2,29.49,7.47,7.06,131.974,10.099,1.86,0.056,0.056,1.3539,,
江西省,长江流域,棚下,2026-07-10 00:00,3,28.74,7.27,5.26,227.9229,2.46,2.32,0.046,0.111,1.692,,
江西省,长江流域,丰城小港口,2026-07-10 00:00,2,29.236,7.24,7.05,151.19,6.5003,2.05,0.01,0.056,1.4177,,
江西省,长江流域,修河港口,2026-07-10 00:00,1,23.51,7,7.87,35.02,7.72,0.72,,0.018,0.611,,
江西省,长江流域,超坊,2026-07-10 00:00,2,30.08,7.97,7.06,105.776,11.589,2.78,0.132,0.072,1.0557,,
江西省,长江流域,钟岭水厂,2026-07-10 00:00,2,29.53,7.39,8.54,91.35,24.21,3.09,,0.078,1.4326,,
江西省,长江流域,临水河口,2026-07-10 00:00,2,28.19,6.76,8.39,100.95,7.09,2.17,0.081,0.054,1.529,,
江西省,长江流域,康山,2026-07-10 00:00,4,28.89,6.43,5.14,104.71,17.09,3.34,0.047,0.07,1.154,0.0122,259000
江西省,长江流域,瑞洪大桥,2026-07-10 00:00,4,31.35,6.84,3.67,128.12,11.46,2.17,,0.05,1.261,,
山东省,黄河流域,泺口,2026-07-10 00:00,2,28.86,7.79,8.05,1191.22,,1.85,0.138,0.058,2.54,,
山东省,淮河流域,台儿庄大桥,2026-07-10 00:00,3,28.58,7.85,5.79,1064.31,34.69,4.04,0.28,,1.018,,
山东省,淮河流域,十字河大桥,2026-07-10 00:00,3,30.561,8.26,11.6,1369.24,9.14,5.28,0.015,0.052,1.303,,
山东省,淮河流域,峡山水库库中,2026-07-10 00:00,4,28.7,8.38,8.99,911.37,43.19,8.28,,0.046,1.994,0.00816,5.66989
山东省,淮河流域,兖州南大桥,2026-07-10 00:00,4,30.483,7.7,4.15,870.338,17.165,5.05,0.046,0.074,0.772,,
山东省,淮河流域,105公路桥,2026-07-10 00:00,5,29.997,7.61,2.15,2400.84,35.395,4.01,1.017,0.257,4.593,,
山东省,淮河流域,高河桥,2026-07-10 00:00,6,29.39,7.67,0.71,1668.88,30.831,6.65,0.835,0.33,4.06,,
山东省,淮河流域,老运河微山段,2026-07-10 00:00,3,30.302,8.73,9.56,1424.69,16.039,5.27,0.004,0.047,0.901,,
山东省,淮河流域,尹沟,2026-07-10 00:00,2,30.39,8.05,6.82,1079.43,30.42,3.84,0.33,0.073,1.843,0.05,
山东省,淮河流域,西支河入湖口,2026-07-10 00:00,4,30.147,7.91,5.27,1548.72,23.295,0.002,1.018,0.243,3.059,,
山东省,淮河流域,鲁桥,2026-07-10 00:00,4,30.837,8.06,11.89,2188.48,27.552,6.59,0.045,0.099,2.716,,
山东省,淮河流域,牛庄闸,2026-07-10 00:00,3,31.003,7.88,6.23,1285.2,19.247,4.19,0.248,0.001,5.344,,
山东省,淮河流域,湘子庙,2026-07-10 00:00,5,29.43,7.92,2.99,1655.24,47.328,4.81,0.189,0.18,2.04655,,
山东省,黄河流域,戴村坝,2026-07-10 00:00,3,30.72,7.53,7.14,979.24,3.95,4.13,0.092,0.028,1.436,,
山东省,黄河流域,徐家汶,2026-07-10 00:00,4,26.22153,7.59,3.03,1065.879,18.08936,2.75,0.039,0.184,27.82233,,
山东省,淮河流域,大古镇,2026-07-10 00:00,6,26.69,7.41,2.44,563.89,12.25,5.32,2.855,0.358,4.59,,
山东省,淮河流域,捷庄,2026-07-10 00:00,6,29.85,7.72,8.65,883.717,19.326,8.93,2.751,0.19,5.257,,
山东省,淮河流域,310公路桥,2026-07-10 00:00,6,30.07,7.14,0.5,992.38,1,3.95,0.038,0.197,0.457,,
山东省,淮河流域,沙沟桥,2026-07-10 00:00,3,26.09,7.58,5.52,724.51,13.55,5.99,0.095,0.16,1.98,,
山东省,淮河流域,云蒙湖湖心,2026-07-10 00:00,3,22.75,,11.7,400.6,5.58,4.07,,0.026,2.895,0.03278,1091760
山东省,海河流域,油坊桥,2026-07-10 00:00,4,30.597,7.63,3.39,1192.127,96.278,2.42,0.283,0.153,4.702,,
山东省,海河流域,秤勾湾,2026-07-10 00:00,3,29.37,7.7,5.06,1266.07,105.69,2.61,0.688,0.141,6.0392,,
山东省,海河流域,北湖,2026-07-10 00:00,2,28.95,8.53,9.13,789.48,8.76,2.23,,0.011,2.647,0.00802,855927.4
山东省,淮河流域,于楼,2026-07-10 00:00,6,28.75,7.74,0.88,1296.32,45.96,5.35,0.433,0.166,2.783,,
山东省,淮河流域,徐寨,2026-07-10 00:00,4,29.293,8.01,4.59,988.572,68.743,6.18,0.512,0.185,3.318,,
河南省,黄河流域,七里铺,2026-07-10 00:00,3,31.2394,7.75,6.17,644.59,23.9426,2.96,0.255,0.17,3.174,,
河南省,淮河流域,尖岗水库,2026-07-10 00:00,1,30.44,8.57,8.72,246.3245,2.6174,1.95,0.009,0.009,0.3672,,
河南省,淮河流域,中牟陈桥,2026-07-10 00:00,4,32.61,8.2,9.06,733.16,70.91,6.38,0.013,0.081,2.8908,,
河南省,黄河流域,高崖寨,2026-07-10 00:00,3,28.33,8.12,5.33,478.7,20.35,1.57,0.012,0.033,1.74,,
河南省,黄河流域,白马寺,2026-07-10 00:00,3,32.29,7.97,6.24,588.2,29.6,2.02,0.045,0.116,2.307,,
河南省,海河流域,彰武水库,2026-07-10 00:00,1,29.903,8.35,11.14,518.5,3.97,0.98,0.003,0.012,4.0566,,
河南省,海河流域,冯宿桥,2026-07-10 00:00,3,31.55,7.98,6.11,972.2152,65.989,2.1,0.396,0.117,7.2373,,
河南省,海河流域,石辛庄,2026-07-10 00:00,4,31.28,7.99,6.09,1256.483,294.892,6.04,0.873,0.287,10.9196,,
河南省,海河流域,黄花营,2026-07-10 00:00,1,29.79,8.36,10.26,341.5324,3.3935,0.41,0.0005,0.012,5.7885,,
河南省,海河流域,前枋城,2026-07-10 00:00,1,29.901,8.05,7.97,530.17,7.398,0.99,0.0001,,5.5314,,
河南省,海河流域,卫河小河口,2026-07-10 00:00,4,31.6,7.32,,1717.77,11.42,4.38,0.819,0.217,2.7965,,
河南省,海河流域,修武水文站,2026-07-10 00:00,3,31.59,7.94,8.43,2436.435,57.39,5.1,0.539,0.165,7.3379,,
河南省,海河流域,获嘉东碑村,2026-07-10 00:00,5,34.73,7.62,2.47,2347.11,,7.27,0.116,0.337,2.703,,
河南省,黄河流域,封丘陶北,2026-07-10 00:00,4,32.58,7.55,3.14,1099.33,92.76,5.12,0.59,0.298,2.627,,
河南省,黄河流域,封丘王堤,2026-07-10 00:00,5,31.615,7.71,6.1,787.7,47.84,7.67,1.34,0.337,3.4657,,
河南省,海河流域,新乡贾太湖,2026-07-10 00:00,5,30.97,8.01,6.25,1093.54,1701.13,3.9,,0.304,3.7498,,
河南省,黄河流域,武陟渠首,2026-07-10 00:00,2,29.32,7.9,8.24,743.19,36.66,1.45,0.026,0.059,4.464,,
河南省,海河流域,南乐元村集,2026-07-10 00:00,4,23.23,7.7,7.38,1435.68,137.3,3.82,0.387,0.263,6.882,,
河南省,海河流域,南乐水文站,2026-07-10 00:00,4,30.63,7.68,3.17,1197.546,29.63,3.9,0.276,0.082,0.8982,,
河南省,海河流域,濮阳西水坡,2026-07-10 00:00,2,30.48,8.21,6.48,1018.17,4.76,1.49,0.16,0.01,1.648,,
河南省,黄河流域,濮阳大韩桥,2026-07-10 00:00,5,28.28,7.47,4.54,511.77,40.57,4.6,1.524,0.274,1.596,,
河南省,淮河流域,白沙水库,2026-07-10 00:00,2,31.3824,8.34,9.07,875.409,8.7154,2.55,0.013,0.014,4.8564,,
河南省,淮河流域,召陵武湾,2026-07-10 00:00,3,31.32,7.8,5.85,575,8.16,0.29,0.007,0.057,1.479,,
河南省,淮河流域,郾城漯邓桥,2026-07-10 00:00,4,30.8,7.78,3.46,1924.9,11.57,3.73,0.024,0.172,2.508,,
河南省,淮河流域,叶舞公路桥,2026-07-10 00:00,3,30.272,7.34,5.27,344.83,10.158,3.43,0.008,0.034,0.751,,
河南省,淮河流域,临颍高村桥,2026-07-10 00:00,4,33.06,7.5,4.9,976.01,22.92,3.56,0.584,0.169,6.023,,
河南省,黄河流域,洛河大桥,2026-07-10 00:00,2,28.93,8.12,6.01,533.688,57.098,2.36,,0.048,1.5585,,
河南省,长江流域,淅川荆紫关,2026-07-10 00:00,1,28.33341,7.67,7.54,372.1261,3.085243,1.52,0.015,0.013,1.28,,
河南省,长江流域,淅川史家湾,2026-07-10 00:00,2,31.18,8.1,6.51,372.242,8.242,1.12,,0.018,1.1004,0.00208,
河南省,长江流域,淅川高湾,2026-07-10 00:00,2,30.35,7.37,6.74,406.098,7.814,3.28,0.222,0.028,1.7058,0.0077,
河南省,长江流域,淅川张营,2026-07-10 00:00,2,30.95,8.72,11.14,326.09,6.393,3.12,,0.015,1.0851,0.01080947,
河南省,长江流域,五龙泉,2026-07-10 00:00,1,28.26,8.35,7.92,272.03,3.07,1.63,0.007,0.01,0.808,0.0015,697913.3
河南省,长江流域,陶岔,2026-07-10 00:00,1,30.5,8.44,8.32,264.857,2.976,1.59,,0.008,0.9133,0.0012,779351
河南省,淮河流域,吕楼桥,2026-07-10 00:00,4,30.84,8.1,3.93,1491.585,71.332,9.9,0.551,0.233,2.8049,,
河南省,淮河流域,黄口,2026-07-10 00:00,4,28.25,8.13,13.46,1964.645,20.851,7.12,0.089,0.077,1.2847,,
河南省,淮河流域,长台关甘岸桥,2026-07-10 00:00,3,31.29,8.01,6.43,368.11,9.69,4.1,0.008,0.051,0.55,,
河南省,淮河流域,信阳琵琶山桥,2026-07-10 00:00,3,22.94,7.6,8.5,,6.8,3.14,0.096,0.102,1.545,,
河南省,淮河流域,潢川水文站,2026-07-10 00:00,4,28.1384,7.35,6.9,154.991,41.9952,4.26,0.086,0.213,1.5784,,
河南省,淮河流域,竹竿铺,2026-07-10 00:00,3,26.42,7.32,5.28,140.37,26.79,3.38,0.04,0.12,1.876,,
河南省,淮河流域,固始马罡,2026-07-10 00:00,3,26.5954,7.11,5.44,130.067,43.246,3.6,0.089,0.19,0.9707,,
河南省,淮河流域,老沈丘泉河桥,2026-07-10 00:00,4,31.69,7.81,3.34,802.96,7.605,3.74,0.038,0.137,0.8493,,
河南省,淮河流域,刘寨村后,2026-07-10 00:00,3,30.95,7.85,6.09,1336,22.6,4.67,0.002,0.086,1.5054,,
河南省,淮河流域,周口康店,2026-07-10 00:00,4,32.19,7.37,3.55,845.8173,26.79,3.86,0.291,0.1,2.046,,
河南省,淮河流域,商水双桥,2026-07-10 00:00,2,32.06,7.93,7.61,583.9938,7.05,3.59,0.027,0.036,0.7932,,
河南省,淮河流域,鄢陵陶城闸,2026-07-10 00:00,2,32.6,7.8,6.01,891.4,8.64,3.39,0.315,0.087,3.0246,,
河南省,淮河流域,鹿邑付桥,2026-07-10 00:00,3,32.4,8.19,11.85,826.555,19.668,4.51,0.081,0.051,0.9008,,
河南省,淮河流域,板桥水库,2026-07-10 00:00,2,30.25,8.57,7.47,280.7114,1.71,3.1,0.005,0.016,0.49,,
湖北省,长江流域,牛山湖湖心,2026-07-10 00:00,2,29.9,8.67,8.75,191.252,11.025,2.54,,0.015,0.127,0.00387,4.332255
湖北省,长江流域,西梁子湖湖北,2026-07-10 00:00,3,30.1879,,10.43,170.63,23.545,4.28,,0.018,0.605,0.00631,1.179376
湖北省,长江流域,杨泗港,2026-07-10 00:00,2,26.86,7.61,6.84,259.106,37.31,2.41,,0.054,1.594,,
湖北省,长江流域,金水闸,2026-07-10 00:00,3,29.07,7.79,7.59,257.75,106.61,5.65,0.019,0.102,1.732,,
湖北省,长江流域,滠口,2026-07-10 00:00,4,28.79,6.95,4.58,160.0289,23.17,4.7,0.025,0.084,1.4618,,
湖北省,长江流域,港洲村,2026-07-10 00:00,3,30.92,7.59,7.01,568.75,15.4475,5.63,0.157,0.134,1.932,,
湖北省,长江流域,白浒山,2026-07-10 00:00,2,26.47,7.66,6.4,302.3545,31.05642,1.58,0.285,0.081,1.665385,,
湖北省,长江流域,挖沟泵站,2026-07-10 00:00,3,30.8572,7.18,6.2,585.8797,15.46661,5.88,0.274,0.131,2.82551,,
湖北省,长江流域,大冶湖闸,2026-07-10 00:00,3,29.56,8.05,8.62,325.72,31.96,4.35,0.119,0.089,1.056,,
湖北省,长江流域,夹河口,2026-07-10 00:00,4,25.18,7.61,4.7,322.395,1.62,0.64,0.017,,1.281,,
湖北省,长江流域,孙家湾,2026-07-10 00:00,2,33.3,8.4,10.4,264.43,12.18,1.84,0.001,0.065,1.58,,
湖北省,长江流域,浪河口,2026-07-10 00:00,1,33.24,8.86,11.23,180.528,1.47,1.7,0.015,0.007,1.364,,
湖北省,长江流域,丹江口水库坝上中,2026-07-10 00:00,1,29.95,8.54,9.74,263.66,1.008212,1.07,0.115,0.004,1.0145,0.0034315,1.6865
湖北省,长江流域,陈家坡,2026-07-10 00:00,2,30.55,8.65,7.64,274.58,4.5,1.02,0.09,0.025,1.1422,,
湖北省,长江流域,潘口水库坝上,2026-07-10 00:00,1,30.66,8.73,12.77,180.3,1.9,1.61,,0.008,0.18,,
湖北省,长江流域,剑河口,2026-07-10 00:00,1,31.94,8.5,9.59,225.74,0.16,1.45,0.003,0.014,0.809,,
湖北省,长江流域,东湾桥,2026-07-10 00:00,2,30.76,7.72,6.22,517.6951,4.27,3.95,0.004,0.037,2.9162,,
湖北省,长江流域,玉皇滩,2026-07-10 00:00,1,30.839,8.25,9.04,354.8,8.118,1.59,0.019,0.007,0.957,,
湖北省,长江流域,王河电站,2026-07-10 00:00,2,29.84,8.15,6.9,414.4803,13.56,1.31,0.042,0.032,1.2998,,
湖北省,长江流域,隔河岩水库坝上,2026-07-10 00:00,2,20.06,8.44,8.41,201.09,1.55,1.6,,0.014,2.17,0.03564,3888048
湖北省,长江流域,长沙坝,2026-07-10 00:00,1,25.454,8.51,10.28,367.689,3.011,1.71,0.01,0.019,1.562,,
湖北省,长江流域,清江大桥,2026-07-10 00:00,2,21.14,7.54,7.31,302.864,9.348,1.04,,0.03,2.796,,
湖北省,长江流域,南津关,2026-07-10 00:00,2,23.59,7.79,6.96,415.569,26.00503,2.21,0.011,0.078,1.8435,0.036248,
湖北省,长江流域,马渡河,2026-07-10 00:00,2,26.65,7.68,9.26,370.21,153.68,2.1,0.009,0.024,2.217,,
湖北省,长江流域,铁路大桥,2026-07-10 00:00,2,29.89,8.03,8.9,572,15.3,2.4,,0.088,1.879,,
湖北省,长江流域,两河口,2026-07-10 00:00,3,31.932,7.49,6.42,544.6796,30.7056,3.58,0.058,0.138,3.3538,,
湖北省,长江流域,桅杆坪,2026-07-10 00:00,2,18.97,7.58,7.52,278.93,4.3,1.28,,0.034,3.004,,
湖北省,长江流域,白石港,2026-07-10 00:00,1,28.66,8.28,8.11,319.865,3.34,,,,,,
湖北省,长江流域,云池,2026-07-10 00:00,1,28.15,7.95,8.03,,1.97,,,,1.801,,
湖北省,长江流域,翟湾,2026-07-10 00:00,2,30.14,7.83,6.48,430.6429,30.25453,3.02,,0.054,1.3878,,
湖北省,长江流域,张湾,2026-07-10 00:00,3,29.96,7.57,5.08,434.3763,27.4,3.47,0.135,0.107,2.134,,
湖北省,长江流域,余家湖,2026-07-10 00:00,2,26.25,7.99,7.29,309.0015,12.9,2.47,0.006,0.029,1.345,,
湖北省,长江流域,聂家滩,2026-07-10 00:00,2,29.56,7.53,6.7,360.2034,22.65,1.9,0.013,0.067,0.865,,
湖北省,长江流域,沈湾,2026-07-10 00:00,1,16.17,7.84,8.18,335.5,2.62,1.33,0.019,0.006,1.365,,
湖北省,长江流域,茶庵,2026-07-10 00:00,2,27.3,7.78,6.91,308.4029,3.81,1.5,0.077,0.043,1.78,,
湖北省,长江流域,马兰河口,2026-07-10 00:00,3,32.48,7.88,5.96,336,24.67,2.13,0.017,0.05,1.491,,
湖北省,长江流域,燕矶,2026-07-10 00:00,2,26.37,7.44,6.22,307.99,39.4,1.93,0.114,0.06,1.955,,
湖北省,长江流域,东梁子湖湖心,2026-07-10 00:00,4,29.76,,12.78,165.021,23.525,6.22,,0.05,0.834,,
湖北省,长江流域,梁子湖七星站,2026-07-10 00:00,4,30.56,8.83,11.42,183.4815,12.19522,6.47,0.066,0.01,0.6751735,0.03070098,2.75664
湖北省,长江流域,漳河水库库心,2026-07-10 00:00,1,30.04,8.38,7.77,298.0434,1.8771,1.78,,0.003,0.491,0.00015,3.8479
湖北省,长江流域,转斗,2026-07-10 00:00,2,27.14,8.37,8.14,362.554,9.5677,3.2,0.017,0.03,1.309,,
湖北省,长江流域,罗汉闸,2026-07-10 00:00,2,28.69,7.94,8.04,349.07,64.14,2.73,0.01,0.048,1.2661,,
湖北省,长江流域,京山河邓李港,2026-07-10 00:00,3,31.88,7.74,8.1,555.5178,7.2415,4.19,,0.163,2.625,,
湖北省,长江流域,马良龚家湾,2026-07-10 00:00,4,31.984,7.45,4.28,1550.93,59.4854,5.96,1.018,0.238,4.2681,,
湖北省,长江流域,应城公路桥,2026-07-10 00:00,2,31.44,8.07,8.04,465.76,15.2368,3.15,,0.045,0.9353,,
湖北省,长江流域,田店泵站,2026-07-10 00:00,2,31.42,8.06,7.47,434.45,14.2601,2.45,,0.049,1.05272,,
湖北省,长江流域,新沟闸,2026-07-10 00:00,4,30.43,8.09,13.89,439.19,7.44,7,0.004,0.087,2.652,,
湖北省,长江流域,小河,2026-07-10 00:00,3,28.16,7.89,5.43,385.1,40.91,2.68,0.056,0.069,2.327,,
湖北省,长江流域,孝昌王店,2026-07-10 00:00,4,30.97,6.96,6.76,228.43,44.8968,6.78,0.031,0.167,1.6036,,
湖北省,长江流域,大悟河口,2026-07-10 00:00,3,29.51,7.47,6.39,158,26.72,5.31,0.022,0.122,1.7296,,
湖北省,长江流域,安陆桑树,2026-07-10 00:00,2,32.18,7.86,8.26,464.59,18.3751,2.68,,0.033,0.77342,,
湖北省,长江流域,隔蒲桥,2026-07-10 00:00,4,30.95,7.83,7.58,354.61,11.519,6.23,0.036,0.071,1.615,,
湖北省,长江流域,汉川新堰,2026-07-10 00:00,6,30.71,7.3,1.03,571.38,31.109,4.1,0.4,0.164,2.825,,
湖北省,长江流域,杨柴湖,2026-07-10 00:00,4,28.7,7.14,4.88,306.9,40.5,4,,0.05,0.597,0.00241,1.63603
湖北省,长江流域,排水闸,2026-07-10 00:00,4,30.22,8.16,7.51,286.4616,136.154,4.25,,0.085,0.887,0.00159,1.033762
湖北省,长江流域,洪湖湖心,2026-07-10 00:00,4,30.9,8.51,8.2,292.481,105.445,5.87,0.085,0.091,1.232,0.0009,186383
湖北省,长江流域,观音寺,2026-07-10 00:00,2,24.66,7.8,7.73,342.54,25.01,1.57,,0.061,2.303,,
湖北省,长江流域,汉洪大桥,2026-07-10 00:00,3,30.15,7.6,7.61,384.7423,38.0332,5.88,,0.065,1.1007,,
湖北省,长江流域,荆州河口,2026-07-10 00:00,3,31.17,7.7,7.73,591.5084,33.2713,4.58,,0.12,3.2672,,
湖北省,长江流域,康家岗,2026-07-10 00:00,2,26.2,7.48,7.95,380.367,40.5493,1.52,,0.068,1.4172,,
湖北省,长江流域,杨家垱,2026-07-10 00:00,2,27,7.78,7.75,356.81,40.95,2.32,0.017,0.082,2.017,,
湖北省,长江流域,调关,2026-07-10 00:00,2,25.32,7.59,7.92,342.1474,39.435,1.35,0.004,0.059,1.8833,,
湖北省,长江流域,姚集,2026-07-10 00:00,4,30.9,7.35,3.51,531.7,27.4,5.76,1.226,0.159,4.857,,
湖北省,长江流域,乌溪沟,2026-07-10 00:00,2,27.80303,8.19,7.71,340.1817,9.031665,0.74,0.012,0.067,2.73913,,
湖北省,长江流域,蕲春县八里湖,2026-07-10 00:00,4,28.16,7.1,5.03,129.9955,27.35,4.12,0.212,0.21,2.392,,
湖北省,长江流域,咸宁湖心,2026-07-10 00:00,3,31.03,8.87,14.91,183.151,54.754,5.08,0.032,0.034,0.129,0.01425,1.97478
湖北省,长江流域,富水水库,2026-07-10 00:00,4,29.9,,11.68,203.3852,13.09,5.02,0.041,0.052,1.082,0.01,6.3856
湖北省,长江流域,窑嘴大桥,2026-07-10 00:00,3,27.85,7.57,5.97,281.025,32.09,1.85,0.176,0.084,1.888,,
湖北省,长江流域,陆溪口,2026-07-10 00:00,2,27.42,7.32,7.88,184.75,19.22,2.52,0.161,0.074,1.754,,
湖北省,长江流域,洪下水文站,2026-07-10 00:00,3,27,7.08,5.9,149.6,10.33,1.68,0.045,0.068,1.05,,
湖北省,长江流域,厉山,2026-07-10 00:00,4,28.78,7.44,4.79,566.9738,4.55,7.07,0.067,0.125,4.0258,,
湖北省,长江流域,平林,2026-07-10 00:00,4,31.01,8.28,6.73,359.751,6.497,6.31,0.092,0.063,1.294,,
湖北省,长江流域,涢水大桥,2026-07-10 00:00,2,32.78,8.42,12.56,366.7571,34.56,3.52,0.01,0.047,0.5948,,
湖北省,长江流域,江口村,2026-07-10 00:00,2,29.13,8.89,22.28,152.85,11.306,1.7,,0.023,1.346,,
湖北省,长江流域,恩施大沙坝,2026-07-10 00:00,2,24.54,8.23,7.56,304.43,11.4,1.28,0.13,0.07,3.273,,
湖北省,长江流域,雪照河,2026-07-10 00:00,3,22.02,8.24,9.06,309.5,37.6,2.52,,0.103,3.932,,
湖北省,长江流域,周家坝,2026-07-10 00:00,2,20.26,7.9,8.57,231.56,7.291,1.08,,0.025,2.251,,
湖北省,长江流域,积玉口荷花村,2026-07-10 00:00,4,30.3,7.67,3.3,411.9157,33.2655,3.24,0.054,0.099,1.379,,
湖北省,长江流域,潜江大桥,2026-07-10 00:00,2,28.01,7.93,7.33,361.6627,34.62,1.86,0.174,0.064,1.75,,
湖北省,长江流域,岳口,2026-07-10 00:00,2,27.5,8.01,7.24,357.9,31.4,1.77,0.08,0.058,1.507,,
湖北省,长江流域,拖市,2026-07-10 00:00,6,30.4,7.19,1.05,509.5,25.299,7.24,0.201,0.159,2.9024,,
湖北省,长江流域,阳日湾,2026-07-10 00:00,2,23.154,7.93,7.64,335.788,6.822,1.07,0.013,0.032,0.9648,,
湖南省,长江流域,昭山,2026-07-10 00:00,2,29.6,7.45,6.39,209.1,17.7,1.4,,0.061,1.562,,
湖南省,长江流域,捞刀河口,2026-07-10 00:00,2,30.74,6.86,6.84,148.3,88.4021,3.07,0.063,0.091,2.045,,
湖南省,长江流域,三角洲,2026-07-10 00:00,4,29.34,6.94,3.82,185.37,12.86,1.47,0.029,0.118,2.496,,
湖南省,长江流域,胜利,2026-07-10 00:00,2,28.44,7.88,8.03,281.53,6.75,2.92,0.043,0.065,1.734,,
湖南省,长江流域,桔子洲,2026-07-10 00:00,3,29.77,7.73,5.98,224.9794,13.57,0.78,0.035,0.075,1.727,,
湖南省,长江流域,西阳渡口,2026-07-10 00:00,3,25.51,7.65,5.31,337.1,23.119,,0.034,0.029,2.309,,
湖南省,长江流域,舂陵水入湘江口,2026-07-10 00:00,2,29.7061,7.94,7.13,264.9765,7.1342,1.38,0.026,0.064,1.4737,,
湖南省,长江流域,熬洲,2026-07-10 00:00,2,28.04,8.29,7.07,190.9802,8.8072,1.06,0.025,0.069,1.398,,
湖南省,长江流域,洣水入湘江口,2026-07-10 00:00,2,30.503,7.53,6.91,137.35,12.91,2.32,0.018,0.049,1.54,,
湖南省,长江流域,城北水厂,2026-07-10 00:00,2,28.22,7.92,7.29,194.79,14.08,1.46,0.057,0.066,1.4149,,
湖南省,长江流域,塘渡口,2026-07-10 00:00,2,25.03,7.72,8.05,120.7504,62.2217,1.67,,0.068,1.238,,
湖南省,长江流域,邵水入河口,2026-07-10 00:00,2,28.21,7.96,6.53,335.133,13.4,2.33,0.058,0.08,1.748,,
湖南省,长江流域,绥宁河口镇,2026-07-10 00:00,2,23.34,7.34,9.08,89.5254,87.1067,1.2,,0.05,1.2802,,
湖南省,长江流域,岳阳楼,2026-07-10 00:00,4,28.16,7.64,6.57,220.6498,35.66959,0.88,0.014,0.054,1.367,0.0003613,245569
湖南省,长江流域,城陵矶,2026-07-10 00:00,3,27.61,7.45,5.32,226.566,18.1224,1.03,0.016,0.094,1.2441,,
湖南省,长江流域,荆江口,2026-07-10 00:00,2,29.12,7.67,6.76,384.3524,30.6671,0.99,0.119,0.058,1.6855,,
湖南省,长江流域,六门闸,2026-07-10 00:00,3,30.44,7.48,6.46,352.2369,12.81,3.29,0.022,0.104,1.821,,
湖南省,长江流域,南渡,2026-07-10 00:00,3,27.03,6.87,6.37,88.1,17,1.72,0.063,0.116,1.562,,
湖南省,长江流域,八仙桥,2026-07-10 00:00,2,28.13,7.05,7.54,105.4638,5.329,3.88,0.046,0.08,1.3526,,
湖南省,长江流域,坡头,2026-07-10 00:00,2,27.15,7.58,7.03,179.0184,28.59012,1.73,0.002,0.067,2.1701,0.0007955,
湖南省,长江流域,蒋家嘴,2026-07-10 00:00,2,27.53,7.38,6.4,193.2571,24.425,1.55,0.074,0.02,1.2581,0.0046,1.7518
湖南省,长江流域,窑坡渡,2026-07-10 00:00,3,25.73,7.81,6.76,238.8997,33.834,2.57,0.208,0.117,1.3978,,
湖南省,长江流域,马坡湖,2026-07-10 00:00,2,26.71,7.9,7.18,365.216,34.4347,2.04,0.006,0.074,1.863,,
湖南省,长江流域,永定澄潭,2026-07-10 00:00,2,24.81,7.61,9.59,198.52,30.44,0.51,0.035,0.084,0.903,,
湖南省,长江流域,万家嘴,2026-07-10 00:00,2,27.2,7.41,7.99,168.5061,26.16002,0.91,0.012,0.06,2.3111,0.0020756,194366.6
湖南省,长江流域,南嘴,2026-07-10 00:00,4,28.44,7.53,6.92,267.3303,50.16343,2.16,0.016,0.051,1.5511,0.031125,520000.8
湖南省,长江流域,小河嘴,2026-07-10 00:00,3,26.6,7.52,6.56,193.515,14.847,1.26,0.002,0.037,1.423,0.00190753,5.42755
湖南省,长江流域,坪口,2026-07-10 00:00,2,26.17,7.46,7.05,215,58.14,1.89,0.003,0.064,1.956,,
湖南省,长江流域,桃谷山,2026-07-10 00:00,2,28.16,7.64,8.65,172.726,34.936,1.39,,0.07,2.002,,
湖南省,长江流域,头山,2026-07-10 00:00,1,28.57,8.51,8.62,124.68,6.24,0.84,0.002,0.007,0.6147,0.0029,6731000
湖南省,长江流域,渡口大桥,2026-07-10 00:00,2,30.56,7.11,7.21,150.12,14.09,2.72,0.045,0.091,1.5002,,
湖南省,长江流域,五强溪,2026-07-10 00:00,2,25.74,7.75,8,178.18,11.618,1.1,0.005,0.037,1.357,,
湖南省,长江流域,铜信溪电站,2026-07-10 00:00,2,27,8.28,8.15,226.17,11.22,0.69,0.04,0.022,1.31,,
湖南省,长江流域,托口渠水,2026-07-10 00:00,3,27.41,7.42,8.04,53.8,41.81,1.19,0.047,0.107,0.831,,
湖南省,长江流域,舞水入河口,2026-07-10 00:00,2,28.71,7.99,8.04,247.8,1.953,1.34,0.021,0.066,1.824,,
湖南省,长江流域,溪子口,2026-07-10 00:00,2,21.19,7.51,9.81,229.6,32.842,0.88,0.025,0.086,1.375,,
湖南省,长江流域,街埠头,2026-07-10 00:00,2,29.9,7.75,6.73,374.52,7.2139,2.11,,0.049,1.932,,
湖南省,长江流域,浦市上游,2026-07-10 00:00,2,26.23,7.16,7.72,134.08,39.7,1.1,,0.065,1.463,,
湖南省,长江流域,武水汇合口,2026-07-10 00:00,2,25.83,7.21,7.82,121.619,31.4847,1.6,,0.052,1.237,,
广东省,珠江流域,珠海大桥,2026-07-10 00:00,3,27.22,7.64,5.92,267.706,547.887,2.69,,0.163,2.436,,
广东省,珠江流域,石角咀水闸,2026-07-10 00:00,5,29.25,6.83,2.25,437.348,56.226,3.19,0.875,0.158,2.431,,
广东省,珠江流域,鸡啼门大桥,2026-07-10 00:00,3,27.33,7.67,6.47,285.6,132.3,1.26,,0.118,2.431,,
广东省,珠江流域,布洲,2026-07-10 00:00,5,26.08,7.7,6.31,224.934,642.759,3.46,,0.35,3.192,,
广东省,珠江流域,海门湾桥闸,2026-07-10 00:00,5,30.95,7.32,6.56,414.72,33.51,6.65,1.578,0.197,3.838,,
广东省,珠江流域,苍山渡口,2026-07-10 00:00,4,28.29,7.06,4.11,233.15,43.079,3.06,0.065,0.14,2.053,,
广东省,珠江流域,牛湾,2026-07-10 00:00,5,28.99,6.59,2.6,165.26,41.04,5.04,0.248,0.2,2.232,,
广东省,珠江流域,渠首,2026-07-10 00:00,4,29.32,6.91,4.79,119.16,17.24,4.2,0.162,0.025,0.772,0.01657,3852082
广东省,珠江流域,黄坡,2026-07-10 00:00,4,31.59,6.57,3.53,188.37,19.12,6.14,0.299,0.176,2.42,,
广东省,珠江流域,山角,2026-07-10 00:00,5,27.99,6.04,2.65,100.34,69.54,5.36,,0.225,2.626,,
广东省,珠江流域,运河管理局,2026-07-10 00:00,3,30.47,8.41,9.17,127.5,34.69,5.68,,0.032,0.977,,
广东省,珠江流域,排里,2026-07-10 00:00,4,29.08,6.8,6.45,152.17,32.48,7.1,0.382,0.293,2.801,,
广东省,珠江流域,南渡河桥,2026-07-10 00:00,5,30.46,6.53,2.56,185.89,19.99,5.41,0.456,0.067,3.954,,
广东省,珠江流域,营仔,2026-07-10 00:00,4,29.16,6.72,4.71,164.27,23.53,7.17,0.258,0.209,2.806,,
广东省,珠江流域,黄竹尾水闸,2026-07-10 00:00,4,31.17,6.56,3.83,146.96,31.96,4.21,0.087,0.211,2.495,,
广东省,珠江流域,塘口,2026-07-10 00:00,4,29.03,6.9,4.97,139.06,22.5,3.85,0.216,0.235,2.615,,
广东省,珠江流域,石骨水库,2026-07-10 00:00,2,29.417,7.98,6.55,66.36,2.201,1.19,0.026,0.013,0.557,,
广东省,珠江流域,良德水库,2026-07-10 00:00,2,29.51,8.18,7.96,66.833,12.407,1.59,0.007,0.011,0.3,0.00678,1229030
广东省,珠江流域,米急渡,2026-07-10 00:00,3,26.82,6.62,6.85,89.817,124.272,3.41,0.132,0.197,2.209,,
广东省,珠江流域,公庄河口,2026-07-10 00:00,4,28.3,7.04,7.1,137.9,92.6,4.9,0.136,0.252,2.018,,
广东省,珠江流域,五丰渡口,2026-07-10 00:00,2,28.87,6.81,6.44,94.2,28.37,1.52,0.197,0.059,4.0081,,
广东省,珠江流域,新铺,2026-07-10 00:00,3,28.72,7.11,5.53,111.166,18.684,1.58,0.159,0.047,1.7748,,
广东省,珠江流域,海丰西闸,2026-07-10 00:00,2,30.92,6.91,6.97,82.5,10.6,3.17,0.174,0.053,0.66,,
广东省,珠江流域,东溪水闸,2026-07-10 00:00,4,31.81,6.52,3.62,277.344,52.41,7.28,0.183,0.121,1.891,,
广东省,珠江流域,尖山,2026-07-10 00:00,4,28.3,6.56,5.26,85.26,120.84,4.39,0.14,0.25,2.144,,
广东省,珠江流域,埠场,2026-07-10 00:00,4,27.3,6.64,5.65,101.581,123.689,4.79,0.083,0.204,1.669,,
广东省,珠江流域,大泉,2026-07-10 00:00,4,30.08,6.7,3.18,210.2,16.7,5.07,0.526,0.211,2.519,,
广东省,珠江流域,寿长,2026-07-10 00:00,5,28.62,6.59,4.2,704.453,42.149,8.42,0.77,0.363,2.568,,
广东省,珠江流域,樟村,2026-07-10 00:00,4,28.52,6.99,3.54,257.084,13.31,2.94,1.056,0.187,2.927,,
广东省,珠江流域,沙田泗盛,2026-07-10 00:00,6,28.37,6.5,1.94,224.92,35.29,3.5,0.28,0.135,2.238,,
广东省,珠江流域,旗岭,2026-07-10 00:00,6,28.41,6.7,1.12,251.146,99.85,2.9,0.543,0.298,3.549,,
广东省,珠江流域,石龙南河,2026-07-10 00:00,4,28.4,6.71,4.45,138.486,41.997,2.68,0.146,0.122,2.033,,
广东省,珠江流域,中山港码头,2026-07-10 00:00,4,27.16,,6.04,255.36,285.728,3.6,0.283,0.201,3.126,,
广东省,珠江流域,龟山塔,2026-07-10 00:00,3,28.74,6.8,6.25,70.889,31.641,1.73,0.288,0.107,1.2542,,
广东省,珠江流域,古封,2026-07-10 00:00,4,26.06,7.23,5.22,188.6,1168.4,6.87,1.244,0.098,3.569,,
广西壮族自治区,珠江流域,老口,2026-07-10 00:00,2,27.53173,7.54,10.01,234.7727,93.79514,2.68,,0.083,4.510194,,
广西壮族自治区,珠江流域,叮当,2026-07-10 00:00,3,26.63,7.47,7.79,273.901,181.164,3.27,0.055,0.162,4.3974,,
广西壮族自治区,珠江流域,白马,2026-07-10 00:00,3,26.32,7.91,5.88,361.89,11.08,2.24,,0.049,2.702,,
广西壮族自治区,珠江流域,阳朔,2026-07-10 00:00,2,25,7.53,7.43,150.119,16.79,1.39,0.006,0.051,1.4892,,
广西壮族自治区,珠江流域,东边埇,2026-07-10 00:00,4,25.77,6.63,8.3,73.7809,167.162,7.79,0.194,0.174,2.449,,
广西壮族自治区,珠江流域,西门江,2026-07-10 00:00,5,27.52,6.41,4.16,191.451,61.371,5.51,0.374,0.315,2.2561,,
广西壮族自治区,珠江流域,隘屯,2026-07-10 00:00,2,24.1731,8.18,8.38,372.6223,18.99323,1.07,0.069,0.05,2.610942,,
广西壮族自治区,珠江流域,公篓,2026-07-10 00:00,2,24.56,7.8,6.13,281.34,9.51,1.23,0.072,0.025,1.264,,
广西壮族自治区,珠江流域,贺街,2026-07-10 00:00,2,25.47,7.66,7.63,141.41,37.311,1.19,0.066,0.067,1.4,,
广西壮族自治区,珠江流域,上金,2026-07-10 00:00,4,27.45,6.48,4.36,137.4069,209.9934,4.31,0.095,0.067,3.2457,,
广西壮族自治区,珠江流域,渠立,2026-07-10 00:00,3,26.42,7.41,8.76,177.311,590.405,4.04,,0.102,2.203,,
广西壮族自治区,珠江流域,棉江,2026-07-10 00:00,2,27.08,7.05,6.2,214.28,112.017,2.83,0.134,0.05,3.0032,,
海南省,珠江流域,儒房,2026-07-10 00:00,2,31,7.66,6.74,8954.16,23.4,2.19,0.195,0.077,1.215,,
海南省,珠江流域,后黎村,2026-07-10 00:00,2,31.3,7.36,7.67,93.5,9.3,1.64,,0.048,0.654,,
海南省,珠江流域,林家村,2026-07-10 00:00,2,29.79,7.06,7.31,116.92,71.01,2.61,0.053,0.041,0.772,,
海南省,珠江流域,崖城大桥,2026-07-10 00:00,2,28.9,6.62,6.29,145.41,62.7,2.43,0.055,0.067,3.563,,
海南省,珠江流域,藤桥河大桥,2026-07-10 00:00,3,30.09,7.08,7.05,196.27,30.5,3.87,0.038,0.117,2.027,,
海南省,珠江流域,松涛水库南丰库心,2026-07-10 00:00,2,31.0796,7.33,6.82,78.19979,0.5987797,1.12,,0.004,0.10146,0.01312804,864371.8
海南省,珠江流域,上村桥,2026-07-10 00:00,3,29.9,7.68,6.56,281.2,22.2,4.82,0.003,0.083,1.159,,
海南省,珠江流域,中和桥,2026-07-10 00:00,3,30.2,6.74,5.97,157.6,13.6,3.57,0.046,0.118,1.143,,
海南省,珠江流域,汀洲,2026-07-10 00:00,2,29.69,6.42,6.2,89.31,19.44,3.08,0.162,0.09,0.897,,
海南省,珠江流域,龙江,2026-07-10 00:00,2,28.74,6.55,6.72,61.79,35.4,3.05,0.096,0.072,0.898,,
海南省,珠江流域,溪仔村,2026-07-10 00:00,2,28.8,6.69,7.56,91.53,4.49,1.83,0.003,0.04,0.505,,
海南省,珠江流域,羊头外村桥,2026-07-10 00:00,4,30.75,6.84,5.99,133.32,25.51,8.28,0.028,0.11,1.55,,
海南省,珠江流域,农垦橡胶所一队,2026-07-10 00:00,2,29.9,6.8,6.66,73.5,36.4,2.51,0.016,0.061,2.232,,
海南省,珠江流域,水涯新区,2026-07-10 00:00,4,31.1,6.67,4.64,141.5,42,5.6,0.33,0.11,2.04,,
海南省,珠江流域,分洪桥,2026-07-10 00:00,3,30.45,7.67,9.02,85.19,23.47,4.77,0.01,0.059,0.69,,
海南省,珠江流域,后山村,2026-07-10 00:00,5,32.03,6.74,2.94,206.547,27.6537,6.04,0.771,0.196,3.208,,
海南省,珠江流域,大广坝水库出口,2026-07-10 00:00,4,27.521,6.99,4.2,82.947,68.421,2.32,0.026,0.05,1.236,0.007212,8334750
海南省,珠江流域,罗带铁路桥,2026-07-10 00:00,1,26.1,7.07,7.98,169.1,1.5,,,,,,
海南省,珠江流域,山口,2026-07-10 00:00,2,31.91,7.18,7.12,105.13,15.33,2.06,0.001,0.02,0.302,,
海南省,珠江流域,白仞滩电站,2026-07-10 00:00,3,30.8,7.36,5.94,152.9,47.9,4.04,,0.161,1.996,,
海南省,珠江流域,大风,2026-07-10 00:00,2,30.75359,7.24,6.62,169.7817,4.307646,1.52,0.006,0.054,1.818902,,
海南省,珠江流域,叉河口,2026-07-10 00:00,2,31.6,7.96,7.38,221.6,4.9,2.2,0.008,0.091,2.526,,
海南省,珠江流域,乐中,2026-07-10 00:00,2,27.1,7.11,7.23,82.2,34.9,2.6,0.005,0.048,0.815,,
海南省,珠江流域,跨界桥,2026-07-10 00:00,2,27.2,6.71,7.17,96.9,42.5,3.53,0.016,0.091,2.044,,
重庆市,长江流域,晒网坝,2026-07-10 00:00,2,24.31,7.94,7.24,345.5979,37.7193,1.31,,0.053,1.731,,
重庆市,长江流域,向家,2026-07-10 00:00,2,25.97,8.22,9.15,201.84,20.781,3.48,,0.048,1.211,,
重庆市,长江流域,磨刀溪长滩,2026-07-10 00:00,6,26.7,9.22,,149.471,11.893,4.07,0.032,0.052,0.944,,
重庆市,长江流域,清溪场,2026-07-10 00:00,2,25.41,8.16,7.61,449.9883,48.3934,1.88,,0.06,4.764,,
重庆市,长江流域,寸滩,2026-07-10 00:00,2,24.95,8.02,7.75,398.636,39.828,1.42,0.04,0.039,1.45,,
重庆市,长江流域,和尚山,2026-07-10 00:00,2,25.15,8.08,7.15,392.48,41.62,1.42,0.109,0.023,1.03,,
重庆市,长江流域,北温泉,2026-07-10 00:00,2,27.91,7.94,7.74,509.508,2.9739,2.78,0.006,0.047,2.004,,
重庆市,长江流域,寨溪大桥,2026-07-10 00:00,2,28.65,7.91,6.63,801.3268,36.1944,2.03,,0.041,2.848,,
重庆市,长江流域,石门坎,2026-07-10 00:00,2,23.42,8.17,8.18,407.81,30.51,1.13,,0.026,1.978,,
重庆市,长江流域,玉滩水库,2026-07-10 00:00,3,29.36,8.17,14.33,367.0959,19.4659,5.33,0.018,0.023,1.89649,0.04371648,1.456118
重庆市,长江流域,黎家乡崔家岩村,2026-07-10 00:00,6,31.27,9.38,,204.41,10.3,5.18,0.002,0.04,1.111,,
重庆市,长江流域,运输桥,2026-07-10 00:00,3,25.65,7.79,8.52,379.2454,11.9868,4.78,,0.087,2.504,,
重庆市,长江流域,支坪街道,2026-07-10 00:00,2,26.81,8.52,6.83,438.8197,33.3387,1.1,,0.036,2.06,,
重庆市,长江流域,江津大桥,2026-07-10 00:00,2,24.09,8.13,7.57,402.82,28.81,0.87,,0.036,1.176,,
重庆市,长江流域,朱杨溪,2026-07-10 00:00,3,31.93,7.78,6.35,517.68,13,4.28,,0.131,3.477,,
重庆市,长江流域,北渡,2026-07-10 00:00,3,24.96,8.06,8.35,394.1229,469.613,3.28,,0.109,2.987,,
重庆市,长江流域,白杨溪,2026-07-10 00:00,2,28.18,7.57,7.48,118.263,2.964,2.37,0.027,0.035,1.027,,
重庆市,长江流域,太和,2026-07-10 00:00,2,31.93,8.44,12.98,432.98,6.2,3.01,,0.02,1.251,,
重庆市,长江流域,官渡,2026-07-10 00:00,2,31.68,8.4,14.35,346.317,14.37,3.31,,0.088,1.862,,
重庆市,长江流域,临渡,2026-07-10 00:00,4,31.65,8.35,17.87,454.6,25.792,6.08,0.013,0.101,1.923,,
重庆市,长江流域,渠江码头,2026-07-10 00:00,2,29.01,8.2,11.12,310.443,21.214,3.47,0.0005,0.072,1.73,,
重庆市,长江流域,黄桷,2026-07-10 00:00,2,28.23,7.82,6.57,521.098,15.255,2.6,0.012,0.052,1.673,,
重庆市,长江流域,四明水厂,2026-07-10 00:00,3,31.8,8.08,5.28,324.8,42.8,5.48,,0.06,1.252,,
重庆市,长江流域,金狮桥,2026-07-10 00:00,2,21.35,8,8.15,243.18,34.748,1.48,0.006,0.029,1.68,,
重庆市,长江流域,璧南河两河口,2026-07-10 00:00,3,31.66,8.25,8.32,612.618,11.073,5.01,,0.108,2.476,,
重庆市,长江流域,中和,2026-07-10 00:00,3,29.08,7.93,11.1,610.8,7.12,5.42,0.014,0.076,2.309,,
重庆市,长江流域,玉溪,2026-07-10 00:00,2,27.21,7.66,6.75,495.1477,8.3883,1.99,0.04,0.041,1.326,,
重庆市,长江流域,高洞电站,2026-07-10 00:00,3,30.73,8.13,9.81,524.486,15.326,4.95,0.001,0.048,2.988,,
重庆市,长江流域,巫山乡,2026-07-10 00:00,3,28.77,8.43,8.56,238.823,18.052,4.41,,0.064,1.139,,
重庆市,长江流域,芙蓉洞码头,2026-07-10 00:00,1,26.1,8.55,22,232.25,16.59,1.59,0.008,0.014,1.459,,
重庆市,长江流域,江口镇,2026-07-10 00:00,2,20.973,8.24,8.51,308.72,13.563,0.27,,0.025,1.784,,
重庆市,长江流域,土堡寨,2026-07-10 00:00,1,20.5,8.24,8.71,395.705,9.018,0.37,0.003,0.008,0.9,,
重庆市,长江流域,水寨子,2026-07-10 00:00,2,19.23,7.78,6.88,222.594,7.779,1.08,,0.016,0.469,,
重庆市,长江流域,湖海场,2026-07-10 00:00,3,23.89,7.55,8.26,196.907,105.544,4.9,,0.093,1.696,,
重庆市,长江流域,卫星桥,2026-07-10 00:00,2,32.32,7.99,8.97,345.645,19.0576,3.19,,0.031,0.539,,
重庆市,长江流域,高洞梁,2026-07-10 00:00,2,33.07,8.06,18.44,423.952,18.914,2.54,,0.031,0.739,,
重庆市,长江流域,苏家,2026-07-10 00:00,2,24.69,7.94,7.64,376.9271,67.7494,1.74,,0.062,2.239,,
重庆市,长江流域,小江河口,2026-07-10 00:00,2,28.98,8.64,18.59,421.72,11.79,3.91,0.021,0.05,1.1951,,
重庆市,长江流域,汤溪河江口,2026-07-10 00:00,1,22.45,7.94,9.36,279.019,28.424,0.68,0.006,0.011,0.843,,
重庆市,长江流域,罗汉大桥,2026-07-10 00:00,2,19.78,7.54,9,294.72,11.51,0.65,,0.03,2.441,,
重庆市,长江流域,白帝城,2026-07-10 00:00,2,23.23,7.94,7.97,331.392,46.999,1.36,,0.052,1.921,,
重庆市,长江流域,培石,2026-07-10 00:00,2,24.1529,7.74,7.61,354.016,45.0846,1.21,0.354,0.053,,,
重庆市,长江流域,花台,2026-07-10 00:00,1,25.09,8.17,7.68,414.302,9.9716,0.67,,0.017,1.682,,
重庆市,长江流域,化杠,2026-07-10 00:00,2,21.54,7.6,7.58,103.46,22.16,2.08,,0.012,1.0577,,
重庆市,长江流域,万木,2026-07-10 00:00,2,22.63,7.8,6.78,385.19,10.9,0.86,0.013,0.036,2.638,,
重庆市,长江流域,红花村,2026-07-10 00:00,2,20.662,7.78,8.71,249.563,30.638,1.22,0.019,0.035,1.441,,
重庆市,长江流域,南洞沟,2026-07-10 00:00,2,24.72,8.1,7.91,278.571,20.983,0.56,,0.042,1.524,,
重庆市,长江流域,郁江桥,2026-07-10 00:00,1,25.38,8.45,11.21,275.913,9.956,0.65,,0.019,1.359,,
四川省,长江流域,二江寺,2026-07-10 00:00,2,25.29,7.91,7.96,395.1,25.7,1.82,0.029,0.065,1.863,,
四川省,长江流域,三邑大桥,2026-07-10 00:00,2,23.61,7.74,7.46,276.6697,24.9535,1.59,0.032,0.041,1.6624,,
四川省,长江流域,李家湾,2026-07-10 00:00,3,31.43,8.24,11.53,485.1,27.8,2.7,0.005,0.135,2.206,,
四川省,长江流域,廖家堰,2026-07-10 00:00,3,33.64,8.04,5.55,1087.01,9.314,4.08,0.075,0.082,1.434,,
四川省,长江流域,脚仙村,2026-07-10 00:00,3,31.11,7.96,7.65,471.2,4.4,2.54,0.004,0.104,2.524,,
四川省,长江流域,湾凼,2026-07-10 00:00,4,28.18385,7.3,3.6,574.0535,15.48917,4.43,0.004,0.041,1.784629,,
四川省,长江流域,手爬岩,2026-07-10 00:00,2,23.74,7.93,7.44,399.352,19.4443,1.28,0.013,0.039,1.1513,,
四川省,长江流域,沱江大桥,2026-07-10 00:00,3,31.8,8.29,9.62,518.1611,8.078981,3.16,0.017,0.115,2.18664,,
四川省,长江流域,醒觉溪,2026-07-10 00:00,2,26.02,8.16,7.59,398.1,34.52,1.43,0.058,0.067,4.563,,
四川省,长江流域,胡市大桥,2026-07-10 00:00,3,30.71,8.17,17.73,433.7047,8.8201,5.78,0.015,0.088,1.9908,,
四川省,长江流域,泸天化大桥,2026-07-10 00:00,2,29.52,8.03,9.18,354.05,6.9554,0.93,0.001,0.026,2.635,,
四川省,长江流域,纳溪大渡口,2026-07-10 00:00,2,22.81,7.92,7.54,386.368,13.106,1.39,0.001,0.046,1.1309,,
四川省,长江流域,两汇水,2026-07-10 00:00,2,28.31035,7.86,6.97,134.3756,24.7028,2.79,0.038,0.064,1.244,,
四川省,长江流域,太平渡,2026-07-10 00:00,2,27.31293,8.22,7.54,468.9615,19.85671,1.33,0.005,0.071,3.901,,
四川省,长江流域,象山,2026-07-10 00:00,3,32.11,8.42,11.34,443.9,4.1,4.94,,0.084,0.543,,
四川省,长江流域,双江桥,2026-07-10 00:00,2,30,8.16,6.82,806.72,24.5,2.89,0.001,0.069,1.754,,
四川省,长江流域,三川,2026-07-10 00:00,3,28.38,8.09,5.7,773.4,10.35,2.09,,0.069,1.891,,
四川省,长江流域,西平镇,2026-07-10 00:00,3,31.81,8,9.29,745.88,18.56,4.47,,0.056,2.021,,
四川省,长江流域,姚渡,2026-07-10 00:00,2,25.75917,8.23,7.1,335.2954,53.9213,1.27,0.007,0.001,1.467,,
四川省,长江流域,清泉乡,2026-07-10 00:00,2,30.23,8.59,13.44,309.5,11.4315,2.2,0.004,0.016,0.729,,
四川省,长江流域,大安,2026-07-10 00:00,4,33.3,8.7,,423.493,10.8,6.66,,0.135,1.7343,,
四川省,长江流域,梓江大桥,2026-07-10 00:00,2,31.29,8.22,9.64,464.4,11.2,3.34,,0.026,0.548,,
四川省,长江流域,大埂,2026-07-10 00:00,3,33.64,7.85,12.92,438.1,2.57,4.31,0.234,0.051,0.352236,,
四川省,长江流域,球溪河口,2026-07-10 00:00,3,31.05,7.75,7.29,543.74,12.2,5.19,0.04,0.119,3.446,,
四川省,长江流域,金溪电站,2026-07-10 00:00,1,28.16,8.01,7.94,381.386,11.1281,1.98,0.012,0.016,2.315,,
四川省,长江流域,升钟水库铁炉寺,2026-07-10 00:00,2,32.11,8.5,11.07,385.88,2.55,3.27,,0.008,0.433,,
四川省,长江流域,龟都府,2026-07-10 00:00,1,21.95,8.21,8.7,218.9084,9.88763,0.66,0.001,0.02,0.8603768,,
四川省,长江流域,越溪河两河口,2026-07-10 00:00,3,31.08,8.2,9.31,609.5,13,5.12,,0.069,0.654,,
四川省,长江流域,月波,2026-07-10 00:00,2,22.07,7.51,7.78,247.8,25.2,1.22,0.078,0.05,1.451,,
四川省,长江流域,凉姜沟,2026-07-10 00:00,2,23.74,7.46,6.88,250.9667,14.44624,1.34,0.139,0.065,1.471713,,
四川省,长江流域,三块石,2026-07-10 00:00,1,22.02,8.1,8.01,457.88,9.9,0.47,0.011,0.016,0.768,,
四川省,长江流域,洛亥,2026-07-10 00:00,2,22.31,8.08,7.93,312.2951,3.774459,1.19,0.009,0.062,2.508,,
四川省,长江流域,烈面,2026-07-10 00:00,2,30.74,8.18,12.2,379.25,8.86,2.17,0.034,0.051,1.339,,
四川省,长江流域,幺滩,2026-07-10 00:00,2,31.2,8.32,7.72,461.43,14.55,2.49,,0.097,1.661,,
四川省,长江流域,团堡岭,2026-07-10 00:00,2,29.65,8.68,11.09,332,7.136,3.24,,0.06,1.305,,
四川省,长江流域,大蹬沟,2026-07-10 00:00,2,28.43,8.13,10.71,319.4,15.6,3.4,0.014,0.058,1.361,,
四川省,长江流域,白兔乡,2026-07-10 00:00,3,33,8.26,28.36,306.6,10.16,5.37,,0.052,1.236,,
四川省,长江流域,联盟桥,2026-07-10 00:00,-1,,,,,,,,,,,
四川省,长江流域,舵石盘,2026-07-10 00:00,2,29.21,8.44,22.15,361.5,7.3,3.53,0.06,0.051,1.312,,
四川省,长江流域,车家河,2026-07-10 00:00,2,31.56,8.18,28.47,312.4,6.96,2.71,,0.034,0.77,,
四川省,长江流域,手傍岩,2026-07-10 00:00,2,31.07,8.28,10.3,347.4,14.3,2.41,,0.03,1.572,,
四川省,长江流域,幸福村,2026-07-10 00:00,2,31.22,8.15,8.35,396.7,8.3,2.26,0.017,0.08,1.522,,
四川省,长江流域,拱城铺渡口,2026-07-10 00:00,2,30.94,8.22,10.35,420.87,6.02,1.64,,0.069,1.46,,
四川省,长江流域,竹巴龙村,2026-07-10 00:00,2,16.53,8.27,6.52,1125.4,139.8,1.6,0.168,0.043,0.87,,
四川省,长江流域,昔街大桥,2026-07-10 00:00,3,24.29,7.66,6.64,247.6,201.66,4.18,0.092,0.117,1.641,,
贵州省,长江流域,棉花渡,2026-07-10 00:00,2,22.051,7.96,8.36,435.53,2.3158,1.6,0.02,0.053,2.5426,,
贵州省,长江流域,贵铝泵房,2026-07-10 00:00,2,27.7022,8.75,12.74,362.4036,13.6473,2.37,0.057,0.017,2.6429,0.01893,1742252
贵州省,长江流域,花鱼洞,2026-07-10 00:00,6,23.0222,7.2,0.79,341.8752,0.8363,2.13,,0.015,3.124,0.01076,1371628
贵州省,长江流域,麦穰,2026-07-10 00:00,3,24.08,7.84,5.8,599.58,6.54,1.78,0.056,0.143,4.512,,
贵州省,珠江流域,青岩,2026-07-10 00:00,3,25.43,8.16,5.98,506.1241,7.6927,0.74,,0.062,3.0358,,
贵州省,长江流域,龙场,2026-07-10 00:00,2,20.14,7.96,7.19,406.18,10.67,0.59,,0.023,5.486,,
贵州省,长江流域,打秋坪,2026-07-10 00:00,2,24.88,7.9,7.27,497.9,7.2,1.04,0.042,0.064,5.314,,
贵州省,长江流域,鱼塘大桥,2026-07-10 00:00,2,21.54,8.14,8.5,312.53,12.088,1.03,,0.022,2.095,,
贵州省,长江流域,沿江渡,2026-07-10 00:00,6,30.74,9.09,15.86,278.9,5.64,3.9,0.015,0.033,2.369,,
贵州省,长江流域,鲤鱼塘,2026-07-10 00:00,2,24.55,7.86,7.69,433.94,3.361,1.23,0.006,0.042,3.905,,
贵州省,长江流域,坡渡,2026-07-10 00:00,2,22.98,8.06,6.48,331.81,23.41,0.56,,0.014,1.125,,
贵州省,长江流域,余庆河暗溪坪,2026-07-10 00:00,2,23.34,7.74,10.12,300.83,5.84,0.97,,0.049,2.182,,
贵州省,长江流域,羊柱头渡口,2026-07-10 00:00,3,24.83,7.73,5.21,641.43,14.25,2.08,0.332,0.141,6.19,,
贵州省,长江流域,茅台,2026-07-10 00:00,2,23.8,8.18,7.78,391.41,59.74,0.91,,0.049,4.604,,
贵州省,珠江流域,黄果树,2026-07-10 00:00,2,24.635,8.24,7.93,552.9,22.51,0.83,,0.022,4.437,,
贵州省,长江流域,斯拉河大桥,2026-07-10 00:00,2,22.13,7.98,7.36,427.65,4.96,1.16,,0.019,5.653,,
贵州省,珠江流域,打邦,2026-07-10 00:00,2,29.74,8.39,17.29,349.91,14.566,2.74,0.024,0.035,3.368,,
贵州省,长江流域,小屯,2026-07-10 00:00,2,27.4,8.75,16.2,377.5547,9.083,3.81,,0.046,5.524,,
贵州省,长江流域,下干溪,2026-07-10 00:00,2,25.07,7.92,7.23,320.13,6.76,0.84,0.052,0.021,2.114,,
贵州省,珠江流域,坝草,2026-07-10 00:00,1,27.9243,8.36,13.18,347.97,20.1987,1.8,0.008,0.012,3.6316,,
贵州省,珠江流域,万峰湖,2026-07-10 00:00,1,27.8017,8.44,10.9,386.6823,11.1833,0.59,0.004,0.001,2.406,0.0187,527938.3
贵州省,珠江流域,岔河口,2026-07-10 00:00,2,25.8035,8.49,13.76,279.118,11.2917,2.91,,0.032,2.8416,,
贵州省,珠江流域,蔗香北,2026-07-10 00:00,1,28.16,8.12,9.06,324.9655,3.7562,1.19,,0.012,2.3219,,
贵州省,珠江流域,黄泥河,2026-07-10 00:00,2,18.8642,8.11,8,359.4668,74.1327,1.37,,0.046,5.0338,,
贵州省,珠江流域,赵家渡,2026-07-10 00:00,2,21.74,7.99,8.07,399.774,20.58,0.82,0.041,0.028,4.988,,
贵州省,珠江流域,坡脚,2026-07-10 00:00,2,23.59,7.84,6.13,416.7634,26.8132,1.02,,0.033,4.1451,,
贵州省,珠江流域,蔗香南,2026-07-10 00:00,1,26.42,8.32,8.1,331.7,1.03,1.08,,0.01,2.1971,,
贵州省,长江流域,金紫,2026-07-10 00:00,2,25.57,7.78,7.98,157.1007,5.27,0.99,0.013,0.043,1.335,,
贵州省,长江流域,平敏大桥,2026-07-10 00:00,2,23.35,7.23,8,92.09,27.97,0.85,,0.036,0.987,,
贵州省,长江流域,旁海,2026-07-10 00:00,2,25.76,8.4,7.38,407.7,7.73,0.7,0.012,0.07,1.98,,
贵州省,珠江流域,榕江,2026-07-10 00:00,2,27.33,7.64,7.86,104.67,144.36,1.22,,0.062,1.302,,
贵州省,长江流域,甘溪高碑,2026-07-10 00:00,2,25.39,8.11,8.11,325.5,11.99,1.04,0.012,0.027,1.3024,,
贵州省,长江流域,凤山桥边,2026-07-10 00:00,2,24.6501,8.31,7.73,525.45,1.8336,1.02,0.071,0.065,3.753,,
贵州省,珠江流域,边外河,2026-07-10 00:00,1,22.47,8.26,9.43,318.9,30.71,1.37,,0.019,2.287,,
贵州省,珠江流域,甲茶,2026-07-10 00:00,1,22.7762,7.99,10.91,306.3576,38.8083,0.95,0.012,0.016,1.2955,,
云南省,长江流域,通仙桥,2026-07-10 00:00,6,22.58,7.71,5.96,549.931,56.125,3.51,0.156,0.455,9.716,,
云南省,长江流域,普渡河桥,2026-07-10 00:00,5,24.37,8.03,7.08,473.3108,154.5669,6.09,0.143,0.315,3.7383,,
云南省,珠江流域,禄丰村,2026-07-10 00:00,4,24.42,8.11,7.13,517.4374,155.2265,4.18,,0.255,6.836,,
云南省,滇池流域,回龙村,2026-07-10 00:00,3,23.99,7.9,5.03,545.7612,16.3581,2.95,,0.062,2.7244,,
云南省,滇池流域,船房五社桥头,2026-07-10 00:00,6,24.53,7.06,4.96,525.946,8.2227,7.87,8.84,0.908,10.4114,,
云南省,滇池流域,王大桥,2026-07-10 00:00,4,21.96,6.92,4.29,572.8658,5.6005,3.47,0.152,0.213,6.9622,,
云南省,滇池流域,大观河入湖口,2026-07-10 00:00,4,22.77,7.69,3.62,401.8423,35.9974,2.45,0.063,0.167,6.1936,,
云南省,滇池流域,大渔乡土罗村入湖口,2026-07-10 00:00,4,24.25,7.52,4.09,404.6584,40.2537,2.91,0.0004,0.101,4.544,,
云南省,滇池流域,新河村入湖口,2026-07-10 00:00,3,22.32,7.75,5.6,391.19,29.842,2.77,0.062,0.166,4.9652,,
云南省,珠江流域,阳宗海中,2026-07-10 00:00,3,25.93,,9.21,434.917,5.766,4.4,,0.014,0.721,0.00441,1373475
云南省,长江流域,富民大桥,2026-07-10 00:00,5,25.43,7.86,4.76,456.0388,69.1871,7.8,0.102,0.323,3.2944,,
云南省,滇池流域,严家村桥,2026-07-10 00:00,3,22.12333,7.82,6.84,406.6519,22.13608,2.02,0.054,0.152,6.309037,,
云南省,滇池流域,宝丰村入湖口,2026-07-10 00:00,3,22.48,7.96,5.64,551.78,21.82,2.18,0.091,0.101,3.563,,
云南省,滇池流域,江尾下闸,2026-07-10 00:00,3,23.41,7.8,5.06,362.3237,55.3991,4.1,0.064,0.089,2.828,,
云南省,滇池流域,茨巷河入湖口,2026-07-10 00:00,5,23.5,7.38,5.21,539.3588,34.8354,3.71,0.14,0.316,18.487,,
云南省,滇池流域,东大河滇池入湖口,2026-07-10 00:00,4,23.46,7.67,3.49,614.4064,19.8133,4.01,0.051,0.202,7.773,,
云南省,滇池流域,草海中心,2026-07-10 00:00,3,25.82,8.76,11.95,343.7,62.85,5.94,0.01,0.036,3.352,0.01895,5.53764
云南省,滇池流域,灰湾中,2026-07-10 00:00,4,24,8.93,11.58,386.852,93.7,6.38,0.011,0.064,2.186,,4.917914
云南省,滇池流域,观音山中,2026-07-10 00:00,4,23.1,,10.34,353.094,23.532,6.9,0.002,0.054,0.712,0.00639,1.48774
云南省,滇池流域,观音山西,2026-07-10 00:00,4,23.38,8.84,7.16,419.63,28.81,6.81,0.038,0.061,0.638,0.01216,3.12155
云南省,滇池流域,海口西,2026-07-10 00:00,3,24.39,,14.15,410.1,8.09,4.78,0.01,0.045,0.504,0.00945,3.16253
云南省,滇池流域,滇池南,2026-07-10 00:00,4,23.88,,13.84,420.72,60.84,7.09,,0.045,0.838,0.03383,1.33733
云南省,滇池流域,晋城小寨,2026-07-10 00:00,3,21.51,7.91,5.58,641.2725,110.705,3.55,0.123,0.129,11.774,,
云南省,长江流域,牛栏江河口,2026-07-10 00:00,4,23.26,7.76,4.74,478.981,36.35,3.36,0.098,0.209,7.759,,
云南省,珠江流域,狗街,2026-07-10 00:00,3,24.43,7.82,6.08,480.305,75.19608,4.16,0.053,0.192,8.084825,,
云南省,珠江流域,花山水库出水口,2026-07-10 00:00,1,23.9,8.51,7.68,336.4949,1.6428,1.11,,0.008,2.1032,,
云南省,长江流域,以礼河水文站,2026-07-10 00:00,4,20.3,7.64,4.59,338.2295,15.0533,2.1,0.079,0.076,3.6631,,
云南省,珠江流域,厂房大桥,2026-07-10 00:00,3,20.59,8.05,7.4,387.7034,39.8391,2.1,,0.133,4.2564,,
云南省,长江流域,牛栏江大桥,2026-07-10 00:00,2,20.28,7.88,6.84,402.1,144.777,1.96,0.029,0.099,5.102,,
云南省,珠江流域,杞麓湖心,2026-07-10 00:00,4,24.36,,8.99,698.95,15.62,7.3,,0.03,0.854,0.01929,1.42076
云南省,珠江流域,星云湖心,2026-07-10 00:00,4,24.49,,12.71,493.759,35.17,6.48,,0.015,0.973,0.00592,5.022867
云南省,西南诸河,红旗桥,2026-07-10 00:00,1,21.07926,8.1,8.37,289.3252,251.6184,1.37,,0.009,0.5764689,,
云南省,长江流域,云贵桥,2026-07-10 00:00,2,17.73,8.23,8.3,378.971,56.895,1.03,0.007,0.048,4.907,,
云南省,长江流域,江底桥,2026-07-10 00:00,2,20.48,8.15,6.7,319.6218,17.34,1.01,,0.032,4.0612,,
云南省,长江流域,头屯河,2026-07-10 00:00,2,19.61,8.03,7.49,351.961,29.03,0.7,,0.048,4.713,,
云南省,长江流域,邓家河,2026-07-10 00:00,3,22.57,8.01,7.92,324.36,35.552,0.5,0.005,0.136,3.431,,
云南省,长江流域,横江桥,2026-07-10 00:00,2,24.02,8.12,7.98,310.7,55.07,0.8,,0.043,4.141,,
云南省,西南诸河,土卡河水文站,2026-07-10 00:00,2,26.2015,7.8,6.58,218.456,67.75536,1.48,,0.031,0.8468537,,
云南省,西南诸河,那发出境,2026-07-10 00:00,3,25.03,7.99,8.06,157.2298,797.87,1.63,,0.176,1.2633,,
云南省,西南诸河,中越桥,2026-07-10 00:00,4,24.83,8.23,8.01,309.9841,784.7291,5.03,,0.282,3.6573,,
云南省,西南诸河,蚂蟥堡桥,2026-07-10 00:00,5,24.25,7.94,8.48,281.3701,1061.139,14.38,,0.186,3.1329,,
云南省,西南诸河,龙脖渡口,2026-07-10 00:00,2,26.74,7.75,7.22,257.601,176.7375,2.94,,0.088,2.5496,,
云南省,西南诸河,河口县医院,2026-07-10 00:00,3,26.43061,7.56,7.47,220.8793,182.7604,5.54,,0.147,1.977443,,
云南省,珠江流域,异龙湖中,2026-07-10 00:00,4,26.39,8.61,7.64,453.1,2.255,6.91,,0.014,0.511,0.0233,163634
云南省,珠江流域,长虹桥,2026-07-10 00:00,5,24.68,8.05,6.59,474.1306,992.6116,7.97,,0.349,8.4916,,
云南省,西南诸河,天保农场,2026-07-10 00:00,-1,,,,,,,,,,,
云南省,西南诸河,南利大桥,2026-07-10 00:00,2,23.43,8.17,6.65,310.03,84.84,1.15,,0.039,2.811,,
云南省,珠江流域,谷拉河大桥,2026-07-10 00:00,1,30.47,8.5,11.53,223.23,10.574,1.56,0.001,0.007,0.513,,
云南省,西南诸河,洱海湖心,2026-07-10 00:00,3,24.13,8.63,6.85,301.69,12.44,4.16,,0.023,0.497,0.01973,6.21504
陕西省,黄河流域,灞河口,2026-07-10 00:00,2,31.48,8.46,7.76,380.3047,19.7552,3.14,0.021,0.034,2.011,,
陕西省,黄河流域,三郎村,2026-07-10 00:00,3,31.87,8.1,,496.053,12.378,5.59,0.046,0.068,3.0963,,
陕西省,黄河流域,岔口,2026-07-10 00:00,2,25.77,7.66,7.52,1030.479,18.964,3.95,0.164,0.081,7.9157,,
陕西省,长江流域,黄牛铺,2026-07-10 00:00,4,26.15,7.88,4.84,241.412,6.3066,1.76,0.012,0.014,0.692,,
陕西省,黄河流域,魏家堡,2026-07-10 00:00,2,28.29,8.23,7.52,547.6066,16.1307,2.5,,0.027,2.858,,
陕西省,黄河流域,卧龙寺桥,2026-07-10 00:00,4,29.15,7.86,4.36,925.417,18.6853,3.15,0.016,0.023,4.622,,
陕西省,长江流域,灶火庵,2026-07-10 00:00,3,25.82,8.1,5.89,349.3339,21.6275,1.18,0.018,0.022,1.1747,,
陕西省,黄河流域,咸阳铁桥,2026-07-10 00:00,2,31.48,8.17,7.79,794.1362,6.682,3.28,0.029,0.017,5.1497,,
陕西省,黄河流域,兴平,2026-07-10 00:00,3,31.77,8.09,5.18,683.0459,20.5316,2.59,,0.028,5.9163,,
陕西省,黄河流域,泾河桥,2026-07-10 00:00,1,27.72,8.37,19.01,1569.11,44.5631,1.79,0.0005,0.016,3.0371,,
陕西省,黄河流域,黑河张家桥,2026-07-10 00:00,2,27.01,7.95,6.76,701.8176,72.4056,3.45,0.099,0.06,1.3746,,
陕西省,黄河流域,昝家山,2026-07-10 00:00,2,28.46,8.41,6.94,605.413,55.37914,2.48,0.004,0.07,3.7751,,
陕西省,黄河流域,寺滩,2026-07-10 00:00,4,29.45,8.49,4.64,837.526,83.12173,4.49,0.003,0.062,4.7891,,
陕西省,黄河流域,朱家沟,2026-07-10 00:00,5,26.88,8.15,5.33,1200.702,148.714,5.94,0.738,0.333,8.2381,,
陕西省,长江流域,烈金坝,2026-07-10 00:00,2,23.6,7.99,7.4,324.22,2.298,0.53,,0.026,1.0874,,
陕西省,长江流域,南柳渡,2026-07-10 00:00,2,31.49,8.3,10.57,292.3006,3.542,2.28,,0.05,1.467,,
陕西省,长江流域,白水江,2026-07-10 00:00,2,28.59,8.2,6.22,333.1819,9.439,0.74,,0.016,0.7811,,
陕西省,黄河流域,柏树坪,2026-07-10 00:00,2,28.27454,8.59,7.27,1234.029,54.19963,2.44,0.011,0.041,2.9701,,
陕西省,黄河流域,温家川,2026-07-10 00:00,3,28.15,8.38,6.12,1237.927,199.257,5.21,,0.108,3.4471,,
陕西省,黄河流域,碛塄,2026-07-10 00:00,2,24.66,8.35,7.45,1279.38,16.47689,2.64,0.014,0.025,2.2241,,
陕西省,黄河流域,高家川,2026-07-10 00:00,2,27.38,8.48,6.85,869.88,34.17151,0.93,0.004,0.027,3.8661,,
陕西省,黄河流域,鱼河,2026-07-10 00:00,3,27.53,8.32,5.89,759.529,26.22274,4.02,0.028,0.104,4.5141,,
陕西省,长江流域,白河城关,2026-07-10 00:00,2,26.91,8.24,9.19,223.4237,4.82,2.83,0.029,0.025,1.03,0.041067,
陕西省,长江流域,南江河出陕界,2026-07-10 00:00,1,22.22,7.84,8.52,199.6898,23.4923,0.76,0.009,0.012,0.4286,,
陕西省,长江流域,小钢桥,2026-07-10 00:00,2,29.69,8.94,18.1,221.46,10.02,3.57,,0.024,1.071,,
陕西省,长江流域,老君关,2026-07-10 00:00,2,25.51,7.9,7.35,253.8311,6.0817,2.65,,0.025,1.108,,
陕西省,长江流域,瀛湖坝前,2026-07-10 00:00,2,29.94,8.86,11.99,227.1455,5.1207,2.09,,0.018,0.756,0.03585,835368.1
陕西省,长江流域,构峪口,2026-07-10 00:00,1,23.43,8.14,8.29,372.546,3.1517,1.57,0.03,0.01,1.311,,
陕西省,长江流域,丹凤下,2026-07-10 00:00,2,29.86,8.16,6.03,399.9444,30.8211,2.09,,0.048,2.323,,
陕西省,黄河流域,灵口,2026-07-10 00:00,2,29.08,7.83,6.26,508.3615,20.9746,1.86,,0.019,0.6711,,
甘肃省,黄河流域,新城桥,2026-07-10 00:00,2,17.49,8.15,7.74,584.142,67.68,,0.048,0.052,1.6418,,
甘肃省,黄河流域,湟水桥,2026-07-10 00:00,2,23.71,8.34,8.75,809.254,24.977,2.31,0.067,0.023,3.152,,
甘肃省,黄河流域,五佛寺,2026-07-10 00:00,2,19.67104,8.26,7.04,639.6327,571.8201,1.6,0.101,0.016,2.098,,
甘肃省,黄河流域,葡萄园,2026-07-10 00:00,2,27.77,8.34,6.58,1055.238,306.9591,3.98,0.03,0.099,6.978,,
甘肃省,黄河流域,长庆桥,2026-07-10 00:00,3,29.77,8.59,5.2,1109.396,25.424,2.66,0.003,0.057,2.9551,,
甘肃省,长江流域,固水子村,2026-07-10 00:00,2,23.75,8.31,8.77,389.4,276.8,0.91,,0.08,1.178,,
宁夏回族自治区,黄河流域,叶盛公路桥,2026-07-10 00:00,2,21.8,8.22,7,780.8,207.12,1.8,,0.043,2.145,,
宁夏回族自治区,黄河流域,平罗黄河大桥,2026-07-10 00:00,3,23.75,8.33,5.85,844.63,416.15,2.12,,0.095,2.745,,
宁夏回族自治区,黄河流域,麻黄沟,2026-07-10 00:00,3,24.53,8.19,6.26,812.524,490.065,2.73,,0.119,2.5216,,
宁夏回族自治区,黄河流域,沙湖,2026-07-10 00:00,4,24.68,8.54,8.2,1684.8,59.22,8.91,0.041,0.032,1.145,0.01473,6.6431
宁夏回族自治区,黄河流域,沟圈,2026-07-10 00:00,2,27.31,8.52,6.06,1953.974,36.21372,3.98,0.056,0.026,1.3291,,
宁夏回族自治区,黄河流域,中卫下河沿,2026-07-10 00:00,2,21.4,8.08,6.38,628.6,1023,2.15,,0.065,1.977,,
宁夏回族自治区,黄河流域,泉眼山,2026-07-10 00:00,2,21.93,8.14,8.48,4835.017,313.668,3.75,0.127,0.07,24.8871,,
